-- MySQL dump 10.13  Distrib 8.0.38, for Win64 (x86_64)
--
-- Host: i11b107.p.ssafy.io    Database: daylog
-- ------------------------------------------------------
-- Server version	9.0.1

/*!40101 SET @OLD_CHARACTER_SET_CLIENT=@@CHARACTER_SET_CLIENT */;
/*!40101 SET @OLD_CHARACTER_SET_RESULTS=@@CHARACTER_SET_RESULTS */;
/*!40101 SET @OLD_COLLATION_CONNECTION=@@COLLATION_CONNECTION */;
/*!50503 SET NAMES utf8 */;
/*!40103 SET @OLD_TIME_ZONE=@@TIME_ZONE */;
/*!40103 SET TIME_ZONE='+00:00' */;
/*!40014 SET @OLD_UNIQUE_CHECKS=@@UNIQUE_CHECKS, UNIQUE_CHECKS=0 */;
/*!40014 SET @OLD_FOREIGN_KEY_CHECKS=@@FOREIGN_KEY_CHECKS, FOREIGN_KEY_CHECKS=0 */;
/*!40101 SET @OLD_SQL_MODE=@@SQL_MODE, SQL_MODE='NO_AUTO_VALUE_ON_ZERO' */;
/*!40111 SET @OLD_SQL_NOTES=@@SQL_NOTES, SQL_NOTES=0 */;

--
-- Table structure for table `users`
--

DROP TABLE IF EXISTS `users`;
/*!40101 SET @saved_cs_client     = @@character_set_client */;
/*!50503 SET character_set_client = utf8mb4 */;
CREATE TABLE `users` (
  `id` bigint NOT NULL AUTO_INCREMENT,
  `birth_date` date DEFAULT NULL,
  `couple_code` varchar(8) DEFAULT NULL,
  `couple_id` bigint NOT NULL,
  `created_at` datetime(6) NOT NULL,
  `email` varchar(35) NOT NULL,
  `fcm_token` varchar(255) DEFAULT NULL,
  `name` varchar(10) NOT NULL,
  `password` varchar(255) NOT NULL,
  `phone` varchar(13) NOT NULL,
  `profile_image_path` varchar(255) NOT NULL,
  `status` enum('ACTIVE','DELETED','INACTIVE','PENDING') DEFAULT NULL,
  PRIMARY KEY (`id`),
  UNIQUE KEY `UK6dotkott2kjsp8vw4d0m25fb7` (`email`),
  UNIQUE KEY `UKdu5v5sr43g5bfnji4vb8hg5s3` (`phone`),
  UNIQUE KEY `UKds0dyaah21ip52okpyuvls2r3` (`couple_code`)
) ENGINE=InnoDB AUTO_INCREMENT=51 DEFAULT CHARSET=utf8mb4 COLLATE=utf8mb4_0900_ai_ci;
/*!40101 SET character_set_client = @saved_cs_client */;

--
-- Dumping data for table `users`
--

LOCK TABLES `users` WRITE;
/*!40000 ALTER TABLE `users` DISABLE KEYS */;
INSERT INTO `users` VALUES (1,NULL,'ee324e92',2,'2024-08-07 04:46:07.898000','jwt1@naver.com','dW8brnOrRG2kdG0XypezbF:APA91bHQs0-qTH59cTOO1KbSf0ooacZxauDwShs0511Bgzcyk-pQsQVOIa3TwtdDllHeKlvL6u89LSAlraOvRWRHbojFIuTClFsag7Ncr-wmJxIoQPStv--xeLUHctDLzaPqC2hk818_','jinwoo','{bcrypt}$2a$10$HxaxZ5KuSGox9q5fWWLVbeGy9E9rmNDWId4sysnx47kEHE79xFmbm','11111111111','/mnt/users/default.png','DELETED'),(2,NULL,'ab09fb5a',70,'2024-08-07 04:46:10.093000','wlgnsdl12334@gmail.com','fOQEy1-MS-OY5KVx-b1UqM:APA91bEVrx36LfnMcKJhrI5QdXJMs0LyDhuUZvdREVnZNCY7xIH3XdI2ocAWdXsu_KkNDVZR8PkLJ4HYvMeL-PWwGtTkrXK2wKwuAXsfdIylqmZjFb3QmDkpbdfp6XWnhHJOvtH0Ol_N','한지훈','{bcrypt}$2a$10$Veow9hfGtj/1T0yVFTyUyOTT1YrUw/kKR1CxlScQKUJwEl29LOTBS','11111111','/mnt/users/default.png','ACTIVE'),(3,NULL,'42561490',2,'2024-08-07 04:46:43.176000','jwt2@naver.com','dY13gcWBSw6xJq-qGoaaos:APA91bFuroitdMxSHDW08dJbyujCfaX4-S5yo9TKdtF8L0c0yUP9f1feuN6FtuQscjkBw6WDHJTCiXNhvcPqLI1KkesRsQ6tIleM42RwGMuFqyath-GPQD6lmJpk9PxFteQkfMOo8XsA','jinwoo','{bcrypt}$2a$10$SRXZqiYK9yxs5p/s2ZDUA.3FOzo5YaSu6xxWn7G0YG3.OIvp0PTdm','22222222222','/mnt/users/default.png','DELETED'),(4,NULL,'8f00d84f',42,'2024-08-07 04:47:49.873000','mrcsbin@naver.com','c_XoHxvmRDqsnofmPS9C_1:APA91bHfNG1gW_nPbcQZjB_ZIxa1obwZEQqxmpT2VjS3unZ2wDkmLqIdxKl9xVKwgL1PnBwkWYi3Hibph788EMT25fCslM5uszBduOiohzEuadHjFsXhUvhcnqkzoE7Zo7HQ94u0Ih3B','csb1','{bcrypt}$2a$10$vEwPVJzU0rup/mBnT16GAeKp6Y8zy/piVls/bkSWoTMs1fX27yQU.','01037708401','/mnt/users/default.png','ACTIVE'),(5,NULL,'654e90a8',42,'2024-08-07 04:48:26.047000','mrcsbin2@naver.com','cvnUUL-ZRiq2ffCWqB07Hl:APA91bE4-mD05qv1Eh7en9INBZENgoDUNW1M_NinLsErJ-2rrGgLAglksfELXyxXinTjt8li6yvTrwaHVLWtllu-Mtl4oiXjcMSFheVzVltBDENTbCLvwnTTUClX6a5Kmw6piQEUvqwT','sgss','{bcrypt}$2a$10$pC.HbY4Wbl50fuMTk0DI0.LIYfou.LxyFGqo7OzTejoS00F0gU5GK','01037708402','/mnt/users/5/1000009172.jpg','ACTIVE'),(6,NULL,'9551c0c7',1,'2024-08-07 04:48:49.236000','jypjun1@naver.com','eNdaikPASlGpgWQu2HcaqC:APA91bHAG9QYC9iTGxBzrPVpXvGY3c8O5fwgA4R4ERxSn7n9DXDVohez3aMadOnUpcPJvkFycisj387sSuErIihbcWRADKQJyGO1KS3JSl0ZWid1jkiOwqXFpJnhhk1QWFbWlnbDTyEZ','나다','{bcrypt}$2a$10$qGH5PAnv2U/nKlBvmhfqIuFdn6V2/yN5aC/n1o7oTU9JlobYiEEXa','01000010001','/mnt/users/6/1000000088.jpg','ACTIVE'),(7,NULL,'30959ab6',1,'2024-08-07 04:49:30.066000','jypjun2@naver.com','','안넝','{bcrypt}$2a$10$OE6DhN5uPOvJneY4yPREqe6lZyE1ZCppioAZmkP/J8vZzy1yCzFJ.','01000020002','/mnt/users/7/1000000075.png','ACTIVE'),(8,NULL,'2ebd265d',4,'2024-08-07 04:51:12.624000','jgb@ssafy.com','','쌒규범','{bcrypt}$2a$10$SWgFeHyl0UPuqfCLs9UeWOMNlL2LCoN7WmOkfFXm6e73phcNWTUZy','01001010111','/mnt/users/default.png','ACTIVE'),(9,NULL,'92737657',4,'2024-08-07 04:54:05.044000','jgb2@home.com','cRosHFTRQZmoQScxiuQov-:APA91bHnarcAELpcsREjh5jTMA0NM8xVT13xyXdU6P9s7vzO_hSYrLkpiMHdDxJkF2hfnGjESiHDnGmO9JlIqora5wFnyAle5V0pyJvXE57EoqkviK6ou3bhgA_kCacUxv4f8uM32BEk','집규범','{bcrypt}$2a$10$JQwloNqKTRyjAkB661qKhugJKw6q0SzfS7ApC0nCWXV3GckgaYiNO','01012341111','/mnt/users/9/1000009182.jpg','ACTIVE'),(10,NULL,'438c65f4',32,'2024-08-07 05:22:16.743000','jwt3@naver.com','','jinwoo','{bcrypt}$2a$10$T0VscQIppWZ666IQ1/LHguJQQQvNaJ.Q6WYe.AElpgUBAk1FLeSUm','01011111111','/mnt/users/default.png','ACTIVE'),(11,NULL,'c29a9f29',32,'2024-08-07 05:22:33.163000','jwt4@naver.com','','jinwoo','{bcrypt}$2a$10$jI0vKOA3IwDWBREKI4pH7OWoDy3E05FytDDXMzgG3gU0LFclo6F7G','01022222222','/mnt/users/default.png','ACTIVE'),(12,NULL,'638d9631',0,'2024-08-07 05:36:38.877000','wlgnsdl12334@gmail1.com',NULL,'한지훈1','{bcrypt}$2a$10$HqPozdJKEjzWYlEMp18loevWvfyCYpnCv1AmfnpdABL1g28gOS/16','00000000000','/mnt/users/default.png','INACTIVE'),(14,NULL,'8d651952',37,'2024-08-07 05:55:47.866000','jwt5@naver.com','fLwe2bTbRiW72LnTKlDYIC:APA91bFa9FnaIoVuhhS3w7-CSpApIPE-lijOD_tcmc7AqSnlkgcLKa5j8V1y4IRTUp2k6xICRc9GBZpW1CkjWGRAMoKCE2RtmW9ETvvznjq79lahJKiYYZpFKnJuFCGMeydOCarAzd3A','윈터솔져어','{bcrypt}$2a$10$Tc4re7acjHZ1FMb.W3Mh6uh.7HYlh2MqU5GhnLrt.MBW5RaXyIIlK','01000000000','/mnt/users/14/38f68ae0-b3cd-47f7-ada4-e7f9cd0a053b4558400452431472474.jpg','DELETED'),(15,NULL,'ad5201d3',37,'2024-08-07 05:56:36.655000','jwt6@naver.com','cm8QaPTTQAmLJMDiHWs6Ed:APA91bHMpWm2_JSnz6cMjB7nXD4l3-tx_ODrqjNQ46Df2irAPMmWeIO6RYsXATiY9NIvxgMYyspVIJ0H_HBEg3oqIu45qa83na9mtq0CWnXE2A4bxXWqFITIWdC-d48D3aLCrX1qI5It','jinwoo','{bcrypt}$2a$10$ue/hZY5Li/8izHsP22O.GOdGytiyTpjRuJynBqnYyohnHPyTXsnue','01099999999','/mnt/users/default.png','DELETED'),(20,NULL,'f5cc759b',70,'2024-08-07 08:08:41.989000','wlgnsdl12334@gmail.com1','eEyMdvQ3SUa4ENGqwNlFPq:APA91bFO26LlHrNhz9j6hgCVr9On5kVkTWHgy9o78dsYXUp1xT3pauAIkr8za_RNFSV0KQpNK39TbCNYgfKyJ3JS8jKZm2EczHdtbxYujXfbOwyUsOmUsW_TN2WqJik8VOwFIfGWDjS_','하이','{bcrypt}$2a$10$TXnz/jH2HtAE/qt11Rtj9eF.TLOoXmwceYbLM5hbCkfAB8MNJ5g3O','33333333333','/mnt/users/default.png','ACTIVE'),(21,NULL,'37e8a635',0,'2024-08-07 08:31:04.694000','jwt7@naver.com','fLwe2bTbRiW72LnTKlDYIC:APA91bFa9FnaIoVuhhS3w7-CSpApIPE-lijOD_tcmc7AqSnlkgcLKa5j8V1y4IRTUp2k6xICRc9GBZpW1CkjWGRAMoKCE2RtmW9ETvvznjq79lahJKiYYZpFKnJuFCGMeydOCarAzd3A','jinwoo','{bcrypt}$2a$10$myvvfzd49bnKYYMH8YPc/.UKdVMJcomGbtf6UZCZ5771OvSpGSbPy','01000293323','/mnt/users/default.png','INACTIVE'),(22,NULL,'30e3c773',0,'2024-08-08 07:47:38.115000','ssafy@ssafy.com','dFE8Qk6JTpWfJCJZL1B0no:APA91bHoJdBLRIibTJh7eBeI5qrnM-o0MZy8fbwK1VcBFjXxl_PbQAIuFAhClKiDlKTa4Jd8Ed9EweOpIVrITYxeMg0WCzIdYh4s1J4YSb__R_Ex7fpQiFFFKPH0cdEjWxe6VQ4acXjv','ssafy','{bcrypt}$2a$10$/YLcaQO5Dtcd4flDBNP.heG64fIyU4IyEpjFTFuzrtqCgFSkgNE1i','01045454545','/mnt/users/default.png','INACTIVE'),(23,NULL,'c4769d10',0,'2024-08-08 17:06:15.055000','jwt9@naver.com','eWQT2_Z7TMS6FUfgbHSGec:APA91bFqkujQC5mmwZOusMopy27POS1m5K4YniNLav12zJrp76exy-KaPIz9-byuFiukoZRFOxMrbLX-aM8QkvkJGdd79cFJ_45j4P0PI-FW0rMIrQdQbzXU_qvucdlG0YLUvv-Jf-Ni','jinwoo','{bcrypt}$2a$10$ashSqIfav4nIcA/60B718eDA7e1lXgJPOu4NBrKZ17bDrRXeGaBG2','01012391239','/mnt/users/default.png','INACTIVE'),(24,NULL,'85d9e15c',71,'2024-08-09 07:40:38.793000','jypjun3@naver.com','','안녕','{bcrypt}$2a$10$GxJToK/9B9oxbsQF5DAF5.MZqTAb79RjFsNbH0iOaihfbtnAoTfyO','02000000000','/mnt/users/default.png','ACTIVE'),(25,NULL,'fd6d18ef',71,'2024-08-09 07:53:00.004000','jypjun4@naver.com','','aaasdf','{bcrypt}$2a$10$b/4SjMoZo23e1KL8uYp3DO8ujA0qkDQYWq05mFfDhM1FRSzKBStVq','03000000000','/mnt/users/default.png','ACTIVE'),(26,NULL,'5ea3fb58',72,'2024-08-09 07:57:36.994000','jwt11@naver.com','cm8QaPTTQAmLJMDiHWs6Ed:APA91bHMpWm2_JSnz6cMjB7nXD4l3-tx_ODrqjNQ46Df2irAPMmWeIO6RYsXATiY9NIvxgMYyspVIJ0H_HBEg3oqIu45qa83na9mtq0CWnXE2A4bxXWqFITIWdC-d48D3aLCrX1qI5It','jinwoo','{bcrypt}$2a$10$f5PRBIpAnp6MBC.ru7v/VOY/Wgxd4VvPF5t3zxgrQlNSKNWObOEq6','01021392131','/mnt/users/default.png','ACTIVE'),(27,NULL,'af05a75e',72,'2024-08-09 08:00:19.564000','jypjun11@naver.com','eif6SbuFSduWw9inVNlLak:APA91bFLkW9Syx7sePlCLKlVXn4LWYgZLBIdWLjpNSqx4_BpChkVPFO1ohz_N3rkZwZOnkvacP8mISOCtxk9_oC-2vZGJIbYtWtkndXDuLPJyegiKzr43HsBb094BbyA6gKIXsxhjsqG','qqqwe','{bcrypt}$2a$10$QYqTjC/bYBYmkbhs4sKL6.4eiTHjpXO.2WsvfwhMUJL0cJ1W2gYIy','00300000000','/mnt/users/default.png','ACTIVE'),(28,NULL,'de3315d7',73,'2024-08-09 08:30:31.192000','mrcsbin3@naver.com','cMsgYFX-SIqjwOY4BhiQh7:APA91bEDL3JFoHrVmDAJZVWWVSbSCYKcuhuE3QP9xuhhHDIJFMpzR1ttPcl4v9sQ7i5YBtz2gu0ylyzloPVVgf3Ao5LBs6Qp4TlsxjBwv3tkyIxaP_q-n9CSN2489vl0CtaM4ePXf8uA','aaa','{bcrypt}$2a$10$ohPWV7f1bOvQsgeOkofvHOGIFkS2agIRberKyS9mE73Op8IVWfirq','01037782910','/mnt/users/default.png','ACTIVE'),(29,NULL,'82df3362',73,'2024-08-09 08:31:51.727000','jypjun22@naver.com','fllbBj2kTc2W81cq4a3oaF:APA91bGkR_0_F_V75k9S4qAC51uvSx0IOb7WM_bs2AcyjXvrBOedL48yP8ZYE3KWmvq0Nx-BXJPN3Ii5N99b1H_zQ69c7mir6Qh7cI8kqVaG4aPKRiyhla_oICF93AWNmLO0Fk9dgWQQ','parkasdf','{bcrypt}$2a$10$TOh8sIKsmRuPIn19nVir1OWXK7YqcxegYR6Na4DtCeetibDrqTjKS','03300000000','/mnt/users/default.png','ACTIVE'),(30,NULL,'1803b4b9',77,'2024-08-09 08:35:51.422000','tt11@naver.com','','123','{bcrypt}$2a$10$R53IFVFikKgf2gSqXhTXDeFfawh.74a0p1YmI7AF5KSDyXHDKx5ta','01012312312','/mnt/users/30/1c64c9de-dca6-45a7-941f-0d28451b4c0d4110487179720322974.jpg','ACTIVE'),(31,NULL,'8b11bff1',77,'2024-08-09 08:36:09.987000','tt22@test.com','','asdas','{bcrypt}$2a$10$uz1nzRMlICcROxLwo6wq/OtmrC8VSjWeFb8k8JRrA4gA7D5a.Irii','01012341221','/mnt/users/31/5bbd2aec-cc04-4426-8995-25592510e77e8644140775592817162.jpg','ACTIVE'),(32,NULL,'ae0f6e23',0,'2024-08-10 06:00:11.967000','jypjun6@naver.com','cAT8YHQqTqivTr7F4WXKNH:APA91bG3pOYgAWjzNoyAI_n8qoUWuMVcvbPczKEygplvE8rRdGhZ3CeaSDQt11vLboN-pN7b2IjLqbEnSbRVj3OfwrRA5qzfpQ9xKGQdonnXPnmziXsh11lSzcOXWzYPc8JP0voXD53p','junjun','{bcrypt}$2a$10$N5OhtrPzoivtncqZ1oDLNuvQemLnRvW1ovb7hCQIPBNPXPK01JZCC','12300000000','/mnt/users/default.png','INACTIVE'),(33,NULL,'82a9307e',79,'2024-08-12 00:59:42.754000','jypjun8@naver.com',NULL,'박준영','{bcrypt}$2a$10$0k0EGkG.CG5EDWqOaeoLuekwEhmkdN6fXWduOjnvcXS0mLfcRCY9u','01011122221','/mnt/users/default.png','ACTIVE'),(34,NULL,'8ecd66ae',79,'2024-08-12 01:00:56.783000','jypjun9@naver.com','fzAIHtVGQhWlfD96Wa5lfH:APA91bFle-GkBKcpIEGJzBiHXyFYPFE5XrtExAw9GiNS5ERi4G_ubSadLFUbRXRzVNv4N6z0DUJm_g2NIzzDd0YHROs1ivK5eCl1ez2r6x8AaExEVLvyGhXGzbZvzZHAiJGluCI3xuA2','jun8','{bcrypt}$2a$10$bnJDrI7s2XChOzWdfJCSZ.M0cpZGaMIBXQaP8vZhseGfNdO5e8BP2','11122223333','/mnt/users/default.png','ACTIVE'),(35,NULL,'df21f81c',81,'2024-08-13 05:54:24.882000','jwt15@naver.com','','jinwoo','{bcrypt}$2a$10$jr3zjHEN8Dn4mKrdQMhx4u0oDaiFkayN9C/k05dh20Z9wnpOqkqj.','01090909090','/mnt/users/default.png','ACTIVE'),(36,NULL,'6b8103ec',81,'2024-08-13 05:58:25.242000','jwt16@naver.com','eF8F89_kRo2i-6ravQc3m7:APA91bH6QKpNztlGGJAMEru1YSouYZZ_wiZuV7805zL7kNdEiZf0Mq8EEzz8gv1iqqVa1Ag8vn4rgdpt6P8i53bfOOO9yC0z8VwJPAhI0iv9Bdibyv170nd9uu2YRCthwo31_VfBhma_','jinwoo','{bcrypt}$2a$10$kvuc1Q.8f/EJoNObvYtyLOcrgjbnVYWCLMVRyqdJ2YMiXaAJkGHNq','01080808080','/mnt/users/default.png','ACTIVE'),(37,NULL,'03ee34cd',82,'2024-08-13 08:40:13.845000','testuser1@naver.com','eGvinKS9TWChq8fm9ovO9j:APA91bHyxmYexqaMWv1zYHt2notUrXwnfbj-AfQMJWDbZzB8vHd1mjUR3XrbmO93bPGv9CtIgiWc-luoT_4XT269LDteto8bXfsCfLYT7U8IBzqQCkz-Uo2vwR22BYagdWWwn2taRh8D','jjj','{bcrypt}$2a$10$.xnly48RP9H2OkTWqzgKf.zeUs3KMufBTZBIcNLNEIprQVbD2sKHS','01070707070','/mnt/users/default.png','ACTIVE'),(38,NULL,'bed621fe',82,'2024-08-13 08:40:44.715000','testuser2@naver.com','fNDKun3GSZG1au0SuhZ38l:APA91bFOiR034DtAqum7YjL9k_q0fzRaSTNsOaWy8Zv4I8YPIp10yEWvqKu2h7FOjals_D8FIVvkjW1DTGep-S0SrWDgqeIeMInPdd0m3AO6iRJMIY6nHfvjFKl_JVSbgLRo5DMuzC4A','www','{bcrypt}$2a$10$XyCOQ73jYJOMP2LTzNgkvOUT.KF9pY4yluSVFjG6atF8R6DAEs1kK','01060606060','/mnt/users/default.png','ACTIVE'),(39,NULL,'45b38a75',0,'2024-08-14 00:59:40.630000','jwt22@naver.com',NULL,'qqweqqqwqq','{bcrypt}$2a$10$cAVca6gv72yv4YdAX.a9Dupok64f4bdu0hNmpB9xpy1xuXzRoiPYy','01012312313','/mnt/users/default.png','INACTIVE'),(40,NULL,'63c96b64',0,'2024-08-14 01:50:49.561000','cavalier7@naver.com','eGvinKS9TWChq8fm9ovO9j:APA91bHyxmYexqaMWv1zYHt2notUrXwnfbj-AfQMJWDbZzB8vHd1mjUR3XrbmO93bPGv9CtIgiWc-luoT_4XT269LDteto8bXfsCfLYT7U8IBzqQCkz-Uo2vwR22BYagdWWwn2taRh8D','고성현','{bcrypt}$2a$10$D1V8ccAn1i236f1NLKBrXOtDzEhU80QyB8QnURncS0PmcNGZCA/D.','01020105910','/mnt/users/default.png','INACTIVE'),(41,NULL,'16deac34',0,'2024-08-14 03:32:22.172000','ssafy123@ssafy.com',NULL,'ssafy123','{bcrypt}$2a$10$tPoDJxID2YqwFFxfHyQwqeBbjlQEB5NJtfVdnCqHQJsSpw8k69qK2','01049494949','/mnt/users/default.png','INACTIVE'),(42,NULL,'c2598bc1',0,'2024-08-14 04:43:22.686000','idid@naver.com','fthxZdhLSnyo6ZHf_sRAaq:APA91bGLY7uxUozYHMN_6bRuiLOCnrLEF_mtMyFqrFnWYQTAiA7Zxg6izBR-WVy8gcwCWQKoe7RwT4a8tcziCiZabnT2sYQC2HlcnkQ5rmZMLJstftZVg3uvt7bM_1QzL2G5fMsFYxxV','진우','{bcrypt}$2a$10$ibRhDP5NX/sOO35LM07EQeuwVOVKFFtp4uBeLXtniSZeiprCXZb46','01039393928','/mnt/users/default.png','INACTIVE'),(43,NULL,'c9cdd8ca',83,'2024-08-14 07:50:25.906000','jypjun33@naver.com','f6sT2BM7RoSuq9K-xMIb-0:APA91bFgVpF9doxq3LWLkgqdZnhwzyQOFUCTMG8etrn6aiD1UUBrMFxYVkwp091E45fKa9Ptn1xKRSxKtUNF_CfC3QVrlkSlyZrPx-qTXdNerbpGn-KiwZ3uguMeUrYZoFspVc0kQW14','귀요미','{bcrypt}$2a$10$9sqdiBvZN3t2CB.9BI378e2d9FPQuBt9yTQdx3x/cJ266nh15q4ja','99988887777','/mnt/users/43/1000000035.jpg','DELETED'),(44,NULL,'f9fb6f19',83,'2024-08-14 07:51:16.437000','jypjun44@naver.com','','바보야','{bcrypt}$2a$10$eiBNNqI9eIesjFKfWj4du.YdFsZOGH8HKQnkbuJL2KL672.R4xmI6','99988887773','/mnt/users/default.png','ACTIVE'),(45,NULL,'0e18f9d0',84,'2024-08-15 06:43:42.374000','idle1@naver.com','','지훈','{bcrypt}$2a$10$G3GPr9bCZtBm0NJpygL0Ee3LpNke2VuUMla71oV75YOm6xrD.Pr/2','01011223344','/mnt/users/45/IMG11.jpg','ACTIVE'),(46,NULL,'21109f0a',84,'2024-08-15 06:45:21.645000','idle2@naver.com','dpbGx9UtTjqlIO6d1khvWE:APA91bGJKxYplK4IA29XFBfO5uQT8uX67Kh3vPpBVT1R8BqpZjL7-BFqLV_A5HPvfnH5c9qtMgG6KFLtDrT3JmlqcqoVva7RswrULjAVSJv-iKxo_9i0yV29Po3eMQip_TqO5HbqOHaS','윈터','{bcrypt}$2a$10$/TfVENCnpMlu0tw5rfK2r.T1bwZgXDb395RewzSNnjWkufrZxlN7m','01022114433','/mnt/users/46/artworks-dRAsP1rzhPkVkNyo-edE2dg-t500x500.jpg','ACTIVE'),(47,NULL,'bed3d409',85,'2024-08-15 14:43:37.100000','jwt33@naver.com','','진우','{bcrypt}$2a$10$6mN0awOgHqGsvsFYIEB5/.7S17sRNIjBavBKlNJZ.I4lW0QQ9KjAi','01030302020','/mnt/users/default.png','ACTIVE'),(48,NULL,'49211144',85,'2024-08-15 14:46:47.438000','jwt44@naver.com','','윈터','{bcrypt}$2a$10$IbqlxgeNVwtcvc.yNzG3NeJRcMEXIgdhKCSGbTJLCppMf4zf5eopu','01030402010','/mnt/users/default.png','ACTIVE'),(49,NULL,'b77be3ed',86,'2024-08-15 17:01:58.782000','jihun1@naver.com','fcbUJw87RPyfVAGgZjaa1w:APA91bEO_nzTrnnPQBM7SyA_ytiKEDzgue8opha0FBemm-0BHIMiPPBlnm_lSgFQe7bGdeF3CK3fUeC_MIsI9ryWm_aU0cZCACX8CzYZ_o4UqqPj5EIinVBDeZP-MuSsQWOPSvAo66nP','지훈이','{bcrypt}$2a$10$o0KIZIFuJ3Z7ON404B/EFOz8oAnn3MRnBPgGMPlWfJnQQw9lmYefy','01078787878','/mnt/users/default.png','ACTIVE'),(50,NULL,'58aa881d',86,'2024-08-15 17:01:59.616000','winter1@naver.com','ct_hxCy3RYyTFmqIVyilTm:APA91bG1AR1gKNXJKOPDsxAx--GBCchK8cXTnn_VsUSgbVBsT9cscbtVGBUsBYRCET91FP4Fye78-a5GF0oAQKNti0y5YDkn2l1CsqX4wYWROeddKVm2MUJP7ik67iQTSZ6jCltdppC0','윈터어','{bcrypt}$2a$10$fpdUq1P0XkcFdX.DJuepgOuOdNtzRUwMBz7On1kXkoImyE396Ox9.','01079797979','/mnt/users/default.png','ACTIVE');
/*!40000 ALTER TABLE `users` ENABLE KEYS */;
UNLOCK TABLES;
/*!40103 SET TIME_ZONE=@OLD_TIME_ZONE */;

/*!40101 SET SQL_MODE=@OLD_SQL_MODE */;
/*!40014 SET FOREIGN_KEY_CHECKS=@OLD_FOREIGN_KEY_CHECKS */;
/*!40014 SET UNIQUE_CHECKS=@OLD_UNIQUE_CHECKS */;
/*!40101 SET CHARACTER_SET_CLIENT=@OLD_CHARACTER_SET_CLIENT */;
/*!40101 SET CHARACTER_SET_RESULTS=@OLD_CHARACTER_SET_RESULTS */;
/*!40101 SET COLLATION_CONNECTION=@OLD_COLLATION_CONNECTION */;
/*!40111 SET SQL_NOTES=@OLD_SQL_NOTES */;

-- Dump completed on 2024-08-16  2:26:47

-- MySQL dump 10.13  Distrib 8.0.38, for Win64 (x86_64)
--
-- Host: i11b107.p.ssafy.io    Database: daylog
-- ------------------------------------------------------
-- Server version	9.0.1

/*!40101 SET @OLD_CHARACTER_SET_CLIENT=@@CHARACTER_SET_CLIENT */;
/*!40101 SET @OLD_CHARACTER_SET_RESULTS=@@CHARACTER_SET_RESULTS */;
/*!40101 SET @OLD_COLLATION_CONNECTION=@@COLLATION_CONNECTION */;
/*!50503 SET NAMES utf8 */;
/*!40103 SET @OLD_TIME_ZONE=@@TIME_ZONE */;
/*!40103 SET TIME_ZONE='+00:00' */;
/*!40014 SET @OLD_UNIQUE_CHECKS=@@UNIQUE_CHECKS, UNIQUE_CHECKS=0 */;
/*!40014 SET @OLD_FOREIGN_KEY_CHECKS=@@FOREIGN_KEY_CHECKS, FOREIGN_KEY_CHECKS=0 */;
/*!40101 SET @OLD_SQL_MODE=@@SQL_MODE, SQL_MODE='NO_AUTO_VALUE_ON_ZERO' */;
/*!40111 SET @OLD_SQL_NOTES=@@SQL_NOTES, SQL_NOTES=0 */;

--
-- Table structure for table `holds`
--

DROP TABLE IF EXISTS `holds`;
/*!40101 SET @saved_cs_client     = @@character_set_client */;
/*!50503 SET character_set_client = utf8mb4 */;
CREATE TABLE `holds` (
  `id` bigint NOT NULL AUTO_INCREMENT,
  `receiver_id` bigint NOT NULL,
  `sender_id` bigint NOT NULL,
  PRIMARY KEY (`id`),
  UNIQUE KEY `UKslllqpfibftaj5rdxv40yffrd` (`receiver_id`),
  UNIQUE KEY `UKncqip4cv4jvcq2yxx14ty1x2u` (`sender_id`),
  CONSTRAINT `FKd6hnbm2sy799yu1ca3tpxqgxm` FOREIGN KEY (`sender_id`) REFERENCES `users` (`id`),
  CONSTRAINT `FKddlvuc50di4ufxnxrqf3gmc4x` FOREIGN KEY (`receiver_id`) REFERENCES `users` (`id`)
) ENGINE=InnoDB AUTO_INCREMENT=170 DEFAULT CHARSET=utf8mb4 COLLATE=utf8mb4_0900_ai_ci;
/*!40101 SET character_set_client = @saved_cs_client */;

--
-- Dumping data for table `holds`
--

LOCK TABLES `holds` WRITE;
/*!40000 ALTER TABLE `holds` DISABLE KEYS */;
/*!40000 ALTER TABLE `holds` ENABLE KEYS */;
UNLOCK TABLES;
/*!40103 SET TIME_ZONE=@OLD_TIME_ZONE */;

/*!40101 SET SQL_MODE=@OLD_SQL_MODE */;
/*!40014 SET FOREIGN_KEY_CHECKS=@OLD_FOREIGN_KEY_CHECKS */;
/*!40014 SET UNIQUE_CHECKS=@OLD_UNIQUE_CHECKS */;
/*!40101 SET CHARACTER_SET_CLIENT=@OLD_CHARACTER_SET_CLIENT */;
/*!40101 SET CHARACTER_SET_RESULTS=@OLD_CHARACTER_SET_RESULTS */;
/*!40101 SET COLLATION_CONNECTION=@OLD_COLLATION_CONNECTION */;
/*!40111 SET SQL_NOTES=@OLD_SQL_NOTES */;

-- Dump completed on 2024-08-16  2:26:48

-- MySQL dump 10.13  Distrib 8.0.38, for Win64 (x86_64)
--
-- Host: i11b107.p.ssafy.io    Database: daylog
-- ------------------------------------------------------
-- Server version	9.0.1

/*!40101 SET @OLD_CHARACTER_SET_CLIENT=@@CHARACTER_SET_CLIENT */;
/*!40101 SET @OLD_CHARACTER_SET_RESULTS=@@CHARACTER_SET_RESULTS */;
/*!40101 SET @OLD_COLLATION_CONNECTION=@@COLLATION_CONNECTION */;
/*!50503 SET NAMES utf8 */;
/*!40103 SET @OLD_TIME_ZONE=@@TIME_ZONE */;
/*!40103 SET TIME_ZONE='+00:00' */;
/*!40014 SET @OLD_UNIQUE_CHECKS=@@UNIQUE_CHECKS, UNIQUE_CHECKS=0 */;
/*!40014 SET @OLD_FOREIGN_KEY_CHECKS=@@FOREIGN_KEY_CHECKS, FOREIGN_KEY_CHECKS=0 */;
/*!40101 SET @OLD_SQL_MODE=@@SQL_MODE, SQL_MODE='NO_AUTO_VALUE_ON_ZERO' */;
/*!40111 SET @OLD_SQL_NOTES=@@SQL_NOTES, SQL_NOTES=0 */;

--
-- Table structure for table `couples`
--

DROP TABLE IF EXISTS `couples`;
/*!40101 SET @saved_cs_client     = @@character_set_client */;
/*!50503 SET character_set_client = utf8mb4 */;
CREATE TABLE `couples` (
  `id` bigint NOT NULL AUTO_INCREMENT,
  `background_image_path` varchar(255) NOT NULL,
  `relationship_start_date` date NOT NULL,
  `pet_id` bigint NOT NULL,
  `user1_id` bigint NOT NULL,
  `user2_id` bigint NOT NULL,
  PRIMARY KEY (`id`),
  UNIQUE KEY `UKfhkjyt5ebrfkiqyiro69yfey0` (`pet_id`),
  UNIQUE KEY `UKrcdph48haq0x19frb3rkjjmwq` (`user1_id`),
  UNIQUE KEY `UKfd0w0eqi6hefjt41fxynenuwp` (`user2_id`),
  CONSTRAINT `FK1dxuxnahef3xk1i9ew6f4punh` FOREIGN KEY (`user2_id`) REFERENCES `users` (`id`),
  CONSTRAINT `FKara7p0t70uqlgatd0vrgcj8fp` FOREIGN KEY (`pet_id`) REFERENCES `pets` (`id`),
  CONSTRAINT `FKf3p01gcity3k6agdhd42o0etq` FOREIGN KEY (`user1_id`) REFERENCES `users` (`id`)
) ENGINE=InnoDB AUTO_INCREMENT=87 DEFAULT CHARSET=utf8mb4 COLLATE=utf8mb4_0900_ai_ci;
/*!40101 SET character_set_client = @saved_cs_client */;

--
-- Dumping data for table `couples`
--

LOCK TABLES `couples` WRITE;
/*!40000 ALTER TABLE `couples` DISABLE KEYS */;
INSERT INTO `couples` VALUES (1,'/mnt/couples/1/68e054ee-dcaf-4e63-99d2-091d3af62b63.jpg','2018-06-07',1,6,7),(2,'/mnt/couples/default.png','2024-08-07',2,1,3),(4,'/mnt/couples/4/a4051b6e-298f-4a32-89c9-c3222b3314d1.png','2023-09-07',4,8,9),(32,'/mnt/couples/default.png','2024-08-07',32,10,11),(37,'/mnt/couples/37/53b8e126-6205-4b35-8d30-50050353e752.jpg','2024-05-21',37,14,15),(42,'/mnt/couples/42/8e887e25-8c89-4945-b9b4-349df1a8d251.jpg','2024-08-09',42,4,5),(70,'/mnt/couples/default.png','2024-08-08',70,20,2),(71,'/mnt/couples/default.png','2024-08-09',71,24,25),(72,'/mnt/couples/default.png','2024-08-09',72,26,27),(73,'/mnt/couples/default.png','2024-08-09',73,28,29),(77,'/mnt/couples/77/0126173a-4a9d-4032-b70b-d580218bb334.jpg','2023-08-14',77,31,30),(79,'/mnt/couples/79/6a23a2ed-e108-4391-a9ee-e9c1d696f6f7.jpg','2022-12-12',79,33,34),(81,'/mnt/couples/default.png','2024-08-13',81,35,36),(82,'/mnt/couples/default.png','2024-08-13',82,37,38),(83,'/mnt/couples/default.png','2024-08-14',83,43,44),(84,'/mnt/couples/84/ef0dc548-54c1-4b77-8920-1f78ce3e99d5.jpg','2024-07-02',84,46,45),(85,'/mnt/couples/default.png','2024-08-15',85,47,48),(86,'/mnt/couples/default.png','2024-08-15',86,49,50);
/*!40000 ALTER TABLE `couples` ENABLE KEYS */;
UNLOCK TABLES;
/*!40103 SET TIME_ZONE=@OLD_TIME_ZONE */;

/*!40101 SET SQL_MODE=@OLD_SQL_MODE */;
/*!40014 SET FOREIGN_KEY_CHECKS=@OLD_FOREIGN_KEY_CHECKS */;
/*!40014 SET UNIQUE_CHECKS=@OLD_UNIQUE_CHECKS */;
/*!40101 SET CHARACTER_SET_CLIENT=@OLD_CHARACTER_SET_CLIENT */;
/*!40101 SET CHARACTER_SET_RESULTS=@OLD_CHARACTER_SET_RESULTS */;
/*!40101 SET COLLATION_CONNECTION=@OLD_COLLATION_CONNECTION */;
/*!40111 SET SQL_NOTES=@OLD_SQL_NOTES */;

-- Dump completed on 2024-08-16  2:26:48
-- MySQL dump 10.13  Distrib 8.0.38, for Win64 (x86_64)
--
-- Host: i11b107.p.ssafy.io    Database: daylog
-- ------------------------------------------------------
-- Server version	9.0.1

/*!40101 SET @OLD_CHARACTER_SET_CLIENT=@@CHARACTER_SET_CLIENT */;
/*!40101 SET @OLD_CHARACTER_SET_RESULTS=@@CHARACTER_SET_RESULTS */;
/*!40101 SET @OLD_COLLATION_CONNECTION=@@COLLATION_CONNECTION */;
/*!50503 SET NAMES utf8 */;
/*!40103 SET @OLD_TIME_ZONE=@@TIME_ZONE */;
/*!40103 SET TIME_ZONE='+00:00' */;
/*!40014 SET @OLD_UNIQUE_CHECKS=@@UNIQUE_CHECKS, UNIQUE_CHECKS=0 */;
/*!40014 SET @OLD_FOREIGN_KEY_CHECKS=@@FOREIGN_KEY_CHECKS, FOREIGN_KEY_CHECKS=0 */;
/*!40101 SET @OLD_SQL_MODE=@@SQL_MODE, SQL_MODE='NO_AUTO_VALUE_ON_ZERO' */;
/*!40111 SET @OLD_SQL_NOTES=@@SQL_NOTES, SQL_NOTES=0 */;

--
-- Table structure for table `schedules`
--

DROP TABLE IF EXISTS `schedules`;
/*!40101 SET @saved_cs_client     = @@character_set_client */;
/*!50503 SET character_set_client = utf8mb4 */;
CREATE TABLE `schedules` (
  `id` bigint NOT NULL AUTO_INCREMENT,
  `content` varchar(255) NOT NULL,
  `end_date` datetime(6) NOT NULL,
  `start_date` datetime(6) NOT NULL,
  `type` enum('PERSONAL','SHARED') NOT NULL,
  `couple_id` bigint DEFAULT NULL,
  `user_id` bigint DEFAULT NULL,
  PRIMARY KEY (`id`),
  KEY `FKe6sap0fs1qjeixseqsosbpcjc` (`couple_id`),
  KEY `FKd4y4xekwahv9boo6lc8gfl3jv` (`user_id`),
  CONSTRAINT `FKd4y4xekwahv9boo6lc8gfl3jv` FOREIGN KEY (`user_id`) REFERENCES `users` (`id`),
  CONSTRAINT `FKe6sap0fs1qjeixseqsosbpcjc` FOREIGN KEY (`couple_id`) REFERENCES `couples` (`id`)
) ENGINE=InnoDB AUTO_INCREMENT=227 DEFAULT CHARSET=utf8mb4 COLLATE=utf8mb4_0900_ai_ci;
/*!40101 SET character_set_client = @saved_cs_client */;

--
-- Dumping data for table `schedules`
--

LOCK TABLES `schedules` WRITE;
/*!40000 ALTER TABLE `schedules` DISABLE KEYS */;
INSERT INTO `schedules` VALUES (1,'test','2024-08-08 10:00:00.000000','2024-08-08 09:00:00.000000','SHARED',37,14),(2,'공통 프로젝트 개발','2024-08-08 18:00:00.000000','2024-08-08 09:00:00.000000','PERSONAL',4,8),(3,'공통 프로젝트 개발','2024-08-09 18:00:00.000000','2024-08-09 09:00:00.000000','PERSONAL',4,8),(4,'공통 프로젝트 개발','2024-08-12 18:00:00.000000','2024-08-12 09:00:00.000000','PERSONAL',4,8),(5,'공통 프로젝트 개발','2024-08-13 18:00:00.000000','2024-08-13 09:00:00.000000','PERSONAL',4,8),(6,'공통 프로젝트 개발','2024-08-14 18:00:00.000000','2024-08-14 09:00:00.000000','PERSONAL',4,8),(7,'공통 프로젝트 개발','2024-08-16 18:00:00.000000','2024-08-16 09:00:00.000000','PERSONAL',4,8),(8,'개인 운동','2024-08-08 20:00:00.000000','2024-08-08 19:00:00.000000','PERSONAL',4,8),(9,'개인 운동','2024-08-09 20:00:00.000000','2024-08-09 19:00:00.000000','PERSONAL',4,8),(10,'개인 운동','2024-08-12 20:00:00.000000','2024-08-12 19:00:00.000000','PERSONAL',4,8),(11,'개인 운동','2024-08-13 20:00:00.000000','2024-08-13 19:00:00.000000','PERSONAL',4,8),(12,'개인 운동','2024-08-14 20:00:00.000000','2024-08-14 19:00:00.000000','PERSONAL',4,8),(13,'개인 운동','2024-08-16 20:00:00.000000','2024-08-16 19:00:00.000000','PERSONAL',4,8),(14,'개인 운동','2024-08-15 20:00:00.000000','2024-08-15 19:00:00.000000','PERSONAL',4,8),(15,'저녁 먹고 카페','2024-08-17 21:00:00.000000','2024-08-17 18:00:00.000000','SHARED',4,9),(16,'취업지원 자소서 작성','2024-08-10 18:00:00.000000','2024-08-10 12:00:00.000000','PERSONAL',4,8),(17,'취업지원 원서 넣기','2024-08-11 21:00:00.000000','2024-08-11 12:00:00.000000','PERSONAL',4,8),(18,'친구들과 서울 여행','2024-08-10 23:00:00.000000','2024-08-10 09:00:00.000000','PERSONAL',4,9),(19,'친구들과 서울 여행','2024-08-11 18:00:00.000000','2024-08-11 00:00:00.000000','PERSONAL',4,9),(20,'학원 알바','2024-08-13 21:00:00.000000','2024-08-13 18:00:00.000000','PERSONAL',4,9),(21,'학원 알바','2024-08-14 21:00:00.000000','2024-08-14 18:00:00.000000','PERSONAL',4,9),(22,'부트캠프 시작','2024-08-19 18:00:00.000000','2024-08-19 09:00:00.000000','PERSONAL',4,8),(23,'부트캠프 끝','2024-08-23 18:00:00.000000','2024-08-23 09:00:00.000000','PERSONAL',4,8),(24,'개인 운동','2024-08-19 20:00:00.000000','2024-08-19 19:00:00.000000','PERSONAL',4,8),(25,'7월 여행','2024-07-17 02:00:00.000000','2024-07-17 01:00:00.000000','SHARED',4,8),(26,'개인 공부','2024-08-21 02:00:00.000000','2024-08-21 01:00:00.000000','PERSONAL',4,8),(27,'hihihi','2024-08-21 23:00:00.000000','2024-08-21 22:00:00.000000','SHARED',37,14),(29,'팀 빌딩 마무리','2024-08-20 18:00:00.000000','2024-08-20 09:00:00.000000','PERSONAL',4,8),(32,'ㅋㅋ','2024-08-09 23:00:00.000000','2024-08-09 01:00:00.000000','SHARED',42,5),(33,'ㅋㅋ','2024-08-09 02:00:00.000000','2024-08-09 01:00:00.000000','SHARED',42,5),(37,'ㅋㅋ','2024-08-10 23:00:00.000000','2024-08-10 00:00:00.000000','PERSONAL',77,31),(38,'ㅇ','2024-08-10 02:00:00.000000','2024-08-10 02:00:00.000000','SHARED',77,31),(39,'ㅇ','2024-08-10 01:00:00.000000','2024-08-10 00:00:00.000000','PERSONAL',77,31),(41,'123','2024-08-12 02:00:00.000000','2024-08-12 01:00:00.000000','PERSONAL',37,14),(42,'\n','2024-08-12 02:00:00.000000','2024-08-12 01:00:00.000000','PERSONAL',37,14),(54,'11111','2024-08-12 03:00:00.000000','2024-08-12 02:00:00.000000','SHARED',1,6),(55,'213123','2024-08-12 03:00:00.000000','2024-08-12 03:00:00.000000','SHARED',1,6),(56,'23123123','2024-08-12 03:00:00.000000','2024-08-12 00:00:00.000000','SHARED',1,6),(57,'1231231231231','2024-08-12 02:00:00.000000','2024-08-12 00:00:00.000000','PERSONAL',1,6),(58,'123123123','2024-08-12 01:00:00.000000','2024-08-12 00:00:00.000000','SHARED',1,6),(59,'232323','2024-08-12 03:00:00.000000','2024-08-12 00:00:00.000000','PERSONAL',1,6),(60,'123123','2024-08-12 14:00:00.000000','2024-08-12 02:00:00.000000','SHARED',1,6),(61,'123123','2024-08-12 01:00:00.000000','2024-08-12 00:00:00.000000','SHARED',1,6),(62,'32332','2024-08-12 02:00:00.000000','2024-08-12 01:00:00.000000','SHARED',1,6),(63,'323232','2024-08-12 02:00:00.000000','2024-08-12 01:00:00.000000','PERSONAL',1,6),(64,'12312312','2024-08-12 02:00:00.000000','2024-08-12 00:00:00.000000','PERSONAL',1,6),(65,'323231','2024-08-12 02:00:00.000000','2024-08-12 00:00:00.000000','PERSONAL',1,6),(66,'5457546','2024-08-12 01:00:00.000000','2024-08-12 00:00:00.000000','PERSONAL',1,6),(68,'123123123123123123','2024-08-12 03:00:00.000000','2024-08-12 01:00:00.000000','PERSONAL',1,6),(69,'12312321312312312312','2024-08-12 03:00:00.000000','2024-08-12 01:00:00.000000','SHARED',1,6),(70,'sadf','2024-08-13 02:00:00.000000','2024-08-13 01:00:00.000000','PERSONAL',37,14),(71,'23123123','2024-08-13 02:00:00.000000','2024-08-13 00:00:00.000000','SHARED',1,6),(72,'2323232','2024-08-13 01:00:00.000000','2024-08-13 00:00:00.000000','SHARED',1,7),(73,'123123','2024-08-13 01:00:00.000000','2024-08-13 00:00:00.000000','SHARED',1,7),(74,'123123','2024-08-13 03:00:00.000000','2024-08-13 00:00:00.000000','PERSONAL',1,7),(77,'123123123123','2024-08-13 03:00:00.000000','2024-08-13 00:00:00.000000','SHARED',1,7),(78,'2323123','2024-08-13 03:00:00.000000','2024-08-13 01:00:00.000000','PERSONAL',1,7),(79,'123123123123','2024-08-13 02:00:00.000000','2024-08-13 00:00:00.000000','SHARED',1,7),(80,'23123','2024-08-19 02:00:00.000000','2024-08-19 00:00:00.000000','PERSONAL',1,7),(81,'12312321312','2024-08-19 03:00:00.000000','2024-08-19 02:00:00.000000','SHARED',1,7),(82,'12312312312','2024-08-19 03:00:00.000000','2024-08-19 01:00:00.000000','PERSONAL',1,7),(83,'123123123','2024-08-13 02:00:00.000000','2024-08-13 02:00:00.000000','PERSONAL',1,7),(84,'123123','2024-08-14 01:00:00.000000','2024-08-14 00:00:00.000000','PERSONAL',1,7),(85,'12312312312','2024-08-14 02:00:00.000000','2024-08-14 00:00:00.000000','PERSONAL',1,7),(86,'123123','2024-08-15 02:00:00.000000','2024-08-15 01:00:00.000000','PERSONAL',1,7),(87,'123123123','2024-08-15 02:00:00.000000','2024-08-15 00:00:00.000000','PERSONAL',1,7),(88,'12312312312','2024-08-15 03:00:00.000000','2024-08-15 00:00:00.000000','PERSONAL',1,7),(89,'123123','2024-08-15 02:00:00.000000','2024-08-15 00:00:00.000000','PERSONAL',1,7),(90,'123123123','2024-08-13 02:00:00.000000','2024-08-13 00:00:00.000000','PERSONAL',1,7),(91,'123123123123','2024-08-13 02:00:00.000000','2024-08-13 00:00:00.000000','PERSONAL',1,7),(92,'React 공부','2024-08-26 23:00:00.000000','2024-08-26 18:00:00.000000','PERSONAL',4,8),(93,'123','2024-08-31 03:00:00.000000','2024-08-31 01:00:00.000000','PERSONAL',77,31),(94,'asdas','2024-08-13 02:00:00.000000','2024-08-13 02:00:00.000000','PERSONAL',77,31),(95,'asdsad','2024-08-30 17:00:00.000000','2024-08-30 02:00:00.000000','SHARED',77,31),(96,'123','2024-08-30 02:00:00.000000','2024-08-30 00:00:00.000000','PERSONAL',77,31),(97,'hb','2024-08-13 23:00:00.000000','2024-08-13 22:00:00.000000','PERSONAL',77,31),(98,'123123','2024-08-13 02:00:00.000000','2024-08-13 00:00:00.000000','PERSONAL',1,7),(99,'123123123','2024-08-13 01:00:00.000000','2024-08-13 00:00:00.000000','PERSONAL',1,7),(100,'123123123','2024-08-14 02:00:00.000000','2024-08-14 00:00:00.000000','SHARED',1,7),(101,'3123123123','2024-08-14 02:00:00.000000','2024-08-14 00:00:00.000000','PERSONAL',1,7),(102,'123123123','2024-08-14 02:00:00.000000','2024-08-14 01:00:00.000000','PERSONAL',1,7),(103,'123123123','2024-08-14 02:00:00.000000','2024-08-14 00:00:00.000000','PERSONAL',1,7),(104,'12312321','2024-08-14 01:00:00.000000','2024-08-14 00:00:00.000000','PERSONAL',1,7),(105,'123123123','2024-08-14 02:00:00.000000','2024-08-14 00:00:00.000000','PERSONAL',1,7),(106,'3123123','2024-08-14 02:00:00.000000','2024-08-14 01:00:00.000000','PERSONAL',1,7),(107,'123123','2024-08-15 03:00:00.000000','2024-08-15 01:00:00.000000','PERSONAL',1,7),(109,'sadfasdfsdf','2024-08-16 03:00:00.000000','2024-08-16 00:00:00.000000','PERSONAL',1,7),(110,'vgtvtgv\n','2024-08-13 01:00:00.000000','2024-08-13 00:00:00.000000','PERSONAL',1,6),(111,'123123123123','2024-08-20 02:00:00.000000','2024-08-20 01:00:00.000000','PERSONAL',1,6),(112,'2312312','2024-08-13 02:00:00.000000','2024-08-13 01:00:00.000000','PERSONAL',1,7),(113,'이거 어제 형이 말해서 봤는데 이미 다 반응형으로 크기 설정 되어','2024-08-21 01:00:00.000000','2024-08-21 00:00:00.000000','PERSONAL',1,7),(114,'123123','2024-08-13 02:00:00.000000','2024-08-13 01:00:00.000000','PERSONAL',1,7),(139,'123123','2024-08-23 02:00:00.000000','2024-08-23 01:00:00.000000','PERSONAL',1,7),(140,'123123123','2024-08-24 02:00:00.000000','2024-08-24 00:00:00.000000','PERSONAL',1,6),(141,'1232323','2024-08-26 02:00:00.000000','2024-08-26 00:00:00.000000','PERSONAL',1,6),(142,'123123','2024-08-27 02:00:00.000000','2024-08-27 01:00:00.000000','PERSONAL',1,7),(143,'231231','2024-08-13 02:00:00.000000','2024-08-13 01:00:00.000000','PERSONAL',1,6),(144,'test','2024-08-14 02:00:00.000000','2024-08-14 01:00:00.000000','PERSONAL',70,2),(145,'123123','2024-08-28 02:00:00.000000','2024-08-28 00:00:00.000000','PERSONAL',1,6),(146,'123123123','2024-08-28 02:00:00.000000','2024-08-28 01:00:00.000000','PERSONAL',1,6),(147,'123123123','2024-08-28 02:00:00.000000','2024-08-28 01:00:00.000000','PERSONAL',1,6),(148,'123123123','2024-08-29 03:00:00.000000','2024-08-29 01:00:00.000000','PERSONAL',1,6),(149,'123123','2024-08-30 02:00:00.000000','2024-08-30 01:00:00.000000','PERSONAL',1,6),(150,'123123123','2024-08-31 02:00:00.000000','2024-08-31 00:00:00.000000','PERSONAL',1,6),(151,'658765','2024-08-31 02:00:00.000000','2024-08-31 01:00:00.000000','PERSONAL',1,6),(152,'12341234','2024-08-17 02:00:00.000000','2024-08-17 01:00:00.000000','SHARED',1,6),(154,'heyhey','2024-08-13 11:00:00.000000','2024-08-13 10:00:00.000000','PERSONAL',70,2),(155,'123123','2024-08-29 02:00:00.000000','2024-08-29 01:00:00.000000','PERSONAL',1,6),(156,'123','2024-08-26 02:00:00.000000','2024-08-26 01:00:00.000000','PERSONAL',1,6),(157,'222222','2024-08-27 03:00:00.000000','2024-08-27 02:00:00.000000','PERSONAL',1,6),(158,'222222','2024-08-27 03:00:00.000000','2024-08-27 02:00:00.000000','PERSONAL',1,6),(159,'222222','2024-08-27 03:00:00.000000','2024-08-27 02:00:00.000000','PERSONAL',1,6),(160,'222222','2024-08-27 03:00:00.000000','2024-08-27 02:00:00.000000','PERSONAL',1,6),(161,'222222','2024-08-27 03:00:00.000000','2024-08-27 02:00:00.000000','SHARED',1,6),(162,'222222','2024-08-27 03:00:00.000000','2024-08-27 00:00:00.000000','SHARED',1,6),(163,'222222','2024-08-27 03:00:00.000000','2024-08-27 00:00:00.000000','SHARED',1,6),(164,'222222','2024-08-27 03:00:00.000000','2024-08-27 00:00:00.000000','SHARED',1,6),(165,'123123','2024-08-22 03:00:00.000000','2024-08-22 01:00:00.000000','PERSONAL',1,6),(166,'123123','2024-08-22 03:00:00.000000','2024-08-22 01:00:00.000000','PERSONAL',1,6),(167,'123123','2024-08-22 03:00:00.000000','2024-08-22 01:00:00.000000','PERSONAL',1,6),(168,'123123','2024-08-22 03:00:00.000000','2024-08-22 01:00:00.000000','PERSONAL',1,6),(169,'123123','2024-08-22 03:00:00.000000','2024-08-22 01:00:00.000000','PERSONAL',1,6),(172,'12341234','2024-08-09 03:00:00.000000','2024-08-09 02:00:00.000000','PERSONAL',1,6),(174,'123123123','2024-08-14 03:00:00.000000','2024-08-14 01:00:00.000000','PERSONAL',1,6),(175,'123123123','2024-08-14 03:00:00.000000','2024-08-14 01:00:00.000000','PERSONAL',1,6),(176,'123123123','2024-08-14 03:00:00.000000','2024-08-14 01:00:00.000000','PERSONAL',1,6),(177,'123123123','2024-08-14 03:00:00.000000','2024-08-14 01:00:00.000000','PERSONAL',1,6),(178,'123123123','2024-08-14 03:00:00.000000','2024-08-14 01:00:00.000000','PERSONAL',1,6),(179,'123123123','2024-08-14 03:00:00.000000','2024-08-14 01:00:00.000000','PERSONAL',1,6),(180,'dghtdr','2024-08-21 03:00:00.000000','2024-08-21 01:00:00.000000','PERSONAL',1,6),(181,'123123','2024-08-14 02:00:00.000000','2024-08-14 01:00:00.000000','PERSONAL',1,6),(183,'123123','2024-08-07 11:00:00.000000','2024-08-07 10:00:00.000000','PERSONAL',1,7),(184,'123123123','2024-08-06 11:00:00.000000','2024-08-06 10:00:00.000000','PERSONAL',1,7),(189,'21341234','2024-08-05 11:00:00.000000','2024-08-05 10:00:00.000000','PERSONAL',1,6),(190,'123123','2024-08-01 11:00:00.000000','2024-08-01 10:00:00.000000','PERSONAL',1,7),(191,'qwerqwerqwer','2024-08-02 11:00:00.000000','2024-08-02 10:00:00.000000','PERSONAL',1,7),(192,'234234234','2024-08-03 11:00:00.000000','2024-08-03 10:00:00.000000','PERSONAL',1,7),(194,'ueudjdisi','2024-08-04 11:00:00.000000','2024-08-04 10:00:00.000000','PERSONAL',1,7),(195,'ejdidiek','2024-08-11 11:00:00.000000','2024-08-11 10:00:00.000000','PERSONAL',1,7),(196,'ㄱㄷㄴㄷㅅㄷㄱㄷㄱㅈ','2024-08-25 11:00:00.000000','2024-08-25 10:00:00.000000','PERSONAL',1,7),(197,'ㄱㄷㄱㄷㅅㅈㅅㅈㄴ','2024-08-08 11:00:00.000000','2024-08-08 10:00:00.000000','PERSONAL',1,7),(198,'로모몸','2024-08-10 11:00:00.000000','2024-08-10 10:00:00.000000','PERSONAL',1,7),(199,'213123','2024-08-14 11:00:00.000000','2024-08-14 10:00:00.000000','PERSONAL',71,24),(200,'213123','2024-08-14 11:00:00.000000','2024-08-14 10:00:00.000000','PERSONAL',71,24),(201,'123123','2024-08-15 11:00:00.000000','2024-08-15 10:00:00.000000','PERSONAL',71,24),(202,'232323','2024-08-13 11:00:00.000000','2024-08-13 10:00:00.000000','PERSONAL',71,25),(203,'123','2024-08-14 11:00:00.000000','2024-08-14 10:00:00.000000','PERSONAL',83,43),(204,'ㅆㄴ','2024-08-13 11:00:00.000000','2024-08-13 10:00:00.000000','PERSONAL',70,2),(205,'예비군 훈련','2024-08-20 19:00:00.000000','2024-08-20 13:00:00.000000','PERSONAL',4,8),(206,'ㄱㄴㄱ','2024-09-09 11:00:00.000000','2024-09-09 10:00:00.000000','PERSONAL',1,6),(207,'ㄹㅎ','2024-09-09 11:00:00.000000','2024-09-09 10:00:00.000000','PERSONAL',1,6),(208,'SSAFY 공통 프로젝트 발표','2024-08-16 11:00:00.000000','2024-08-16 09:00:00.000000','PERSONAL',84,45),(209,'대전 성심당 가기','2024-08-17 18:00:00.000000','2024-08-17 10:00:00.000000','SHARED',84,45),(210,'한밭수목원 데이트','2024-08-17 22:00:00.000000','2024-08-17 19:00:00.000000','SHARED',84,45),(211,'개인 운동','2024-08-18 11:00:00.000000','2024-08-18 09:00:00.000000','PERSONAL',84,45),(212,'보드게임 카페','2024-08-18 21:00:00.000000','2024-08-18 18:00:00.000000','SHARED',84,45),(213,'특화 프로젝트 팀 미팅','2024-08-19 18:00:00.000000','2024-08-19 09:00:00.000000','PERSONAL',84,45),(214,'예비군 훈련','2024-08-20 19:00:00.000000','2024-08-20 13:00:00.000000','PERSONAL',84,45),(215,'학원 알바','2024-08-21 22:00:00.000000','2024-08-21 18:00:00.000000','PERSONAL',84,46),(216,'학원 알바','2024-08-20 22:00:00.000000','2024-08-20 18:00:00.000000','PERSONAL',84,46),(217,'React 공부','2024-08-30 22:00:00.000000','2024-08-30 10:00:00.000000','PERSONAL',84,45),(218,'SQL-d 시험','2024-08-24 15:00:00.000000','2024-08-24 10:00:00.000000','PERSONAL',84,45),(219,'당일치기 부산 여행','2024-08-25 22:00:00.000000','2024-08-25 10:00:00.000000','SHARED',84,45),(220,'같이 스터디','2024-08-11 18:00:00.000000','2024-08-11 10:00:00.000000','SHARED',84,45),(221,'장태산 등산','2024-08-10 20:00:00.000000','2024-08-10 10:00:00.000000','SHARED',84,45),(222,'축구경기 직관','2024-08-13 22:00:00.000000','2024-08-13 19:00:00.000000','SHARED',84,45),(223,'수목원 런닝','2024-08-07 18:00:00.000000','2024-08-07 14:00:00.000000','PERSONAL',84,45),(224,'보드게임 카페 가기','2024-08-08 18:00:00.000000','2024-08-08 13:00:00.000000','SHARED',84,45),(225,'개인 운동','2024-08-08 20:00:00.000000','2024-08-08 19:00:00.000000','PERSONAL',84,45),(226,'유성온천역 데이트!','2024-08-15 22:00:00.000000','2024-08-15 19:00:00.000000','SHARED',85,47);
/*!40000 ALTER TABLE `schedules` ENABLE KEYS */;
UNLOCK TABLES;
/*!40103 SET TIME_ZONE=@OLD_TIME_ZONE */;

/*!40101 SET SQL_MODE=@OLD_SQL_MODE */;
/*!40014 SET FOREIGN_KEY_CHECKS=@OLD_FOREIGN_KEY_CHECKS */;
/*!40014 SET UNIQUE_CHECKS=@OLD_UNIQUE_CHECKS */;
/*!40101 SET CHARACTER_SET_CLIENT=@OLD_CHARACTER_SET_CLIENT */;
/*!40101 SET CHARACTER_SET_RESULTS=@OLD_CHARACTER_SET_RESULTS */;
/*!40101 SET COLLATION_CONNECTION=@OLD_COLLATION_CONNECTION */;
/*!40111 SET SQL_NOTES=@OLD_SQL_NOTES */;

-- Dump completed on 2024-08-16  2:26:49
-- MySQL dump 10.13  Distrib 8.0.38, for Win64 (x86_64)
--
-- Host: i11b107.p.ssafy.io    Database: daylog
-- ------------------------------------------------------
-- Server version	9.0.1

/*!40101 SET @OLD_CHARACTER_SET_CLIENT=@@CHARACTER_SET_CLIENT */;
/*!40101 SET @OLD_CHARACTER_SET_RESULTS=@@CHARACTER_SET_RESULTS */;
/*!40101 SET @OLD_COLLATION_CONNECTION=@@COLLATION_CONNECTION */;
/*!50503 SET NAMES utf8 */;
/*!40103 SET @OLD_TIME_ZONE=@@TIME_ZONE */;
/*!40103 SET TIME_ZONE='+00:00' */;
/*!40014 SET @OLD_UNIQUE_CHECKS=@@UNIQUE_CHECKS, UNIQUE_CHECKS=0 */;
/*!40014 SET @OLD_FOREIGN_KEY_CHECKS=@@FOREIGN_KEY_CHECKS, FOREIGN_KEY_CHECKS=0 */;
/*!40101 SET @OLD_SQL_MODE=@@SQL_MODE, SQL_MODE='NO_AUTO_VALUE_ON_ZERO' */;
/*!40111 SET @OLD_SQL_NOTES=@@SQL_NOTES, SQL_NOTES=0 */;

--
-- Table structure for table `notifications`
--

DROP TABLE IF EXISTS `notifications`;
/*!40101 SET @saved_cs_client     = @@character_set_client */;
/*!50503 SET character_set_client = utf8mb4 */;
CREATE TABLE `notifications` (
  `id` bigint NOT NULL AUTO_INCREMENT,
  `body` varchar(255) NOT NULL,
  `created_at` datetime(6) DEFAULT NULL,
  `is_read` bit(1) DEFAULT NULL,
  `couple_id` bigint DEFAULT NULL,
  `user_id` bigint DEFAULT NULL,
  `item_id` bigint DEFAULT NULL,
  `type` varchar(255) DEFAULT NULL,
  `message` varchar(255) DEFAULT NULL,
  `title` varchar(255) DEFAULT NULL,
  PRIMARY KEY (`id`),
  KEY `FKhrihqyidc5ltifxtxrjba4ved` (`couple_id`),
  KEY `FK9y21adhxn0ayjhfocscqox7bh` (`user_id`),
  CONSTRAINT `FK9y21adhxn0ayjhfocscqox7bh` FOREIGN KEY (`user_id`) REFERENCES `users` (`id`),
  CONSTRAINT `FKhrihqyidc5ltifxtxrjba4ved` FOREIGN KEY (`couple_id`) REFERENCES `couples` (`id`)
) ENGINE=InnoDB AUTO_INCREMENT=189 DEFAULT CHARSET=utf8mb4 COLLATE=utf8mb4_0900_ai_ci;
/*!40101 SET character_set_client = @saved_cs_client */;

--
-- Dumping data for table `notifications`
--

LOCK TABLES `notifications` WRITE;
/*!40000 ALTER TABLE `notifications` DISABLE KEYS */;
INSERT INTO `notifications` VALUES (29,'님이 새로운 그림일기를 작성하였습니다.','2024-08-12 17:14:54.426000',_binary '\0',70,2,41,'diary',NULL,NULL),(30,'님이 새로운 그림일기를 작성하였습니다.','2024-08-12 17:15:47.034000',_binary '\0',70,2,42,'diary',NULL,NULL),(31,'님이 새로운 그림일기를 작성하였습니다.','2024-08-12 17:52:06.569000',_binary '\0',70,2,43,'diary',NULL,NULL),(32,'님이 새로운 그림일기를 작성하였습니다.','2024-08-12 17:53:17.303000',_binary '\0',70,2,44,'diary',NULL,NULL),(33,'님이 새로운 그림일기를 작성하였습니다.','2024-08-12 17:56:19.922000',_binary '\0',70,2,45,'diary',NULL,NULL),(34,'님이 새로운 그림일기를 작성하였습니다.','2024-08-12 09:18:54.419000',_binary '\0',79,33,51,'diary',NULL,NULL),(35,'님이 새로운 그림일기를 작성하였습니다.','2024-08-12 19:34:22.285000',_binary '',4,9,52,'diary',NULL,NULL),(56,'님이 일정을 추가하였습니다.','2024-08-13 02:15:43.004000',_binary '',4,8,0,'schedule',NULL,NULL),(57,'님이 일정을 추가하였습니다.','2024-08-13 03:39:24.696000',_binary '',77,31,0,'schedule',NULL,NULL),(58,'님이 일정을 추가하였습니다.','2024-08-13 03:40:39.234000',_binary '',77,31,0,'schedule',NULL,NULL),(59,'님이 일정을 추가하였습니다.','2024-08-13 03:41:23.638000',_binary '',77,31,0,'schedule',NULL,NULL),(60,'님이 일정을 추가하였습니다.','2024-08-13 03:43:51.065000',_binary '',77,31,0,'schedule',NULL,NULL),(61,'님이 일정을 추가하였습니다.','2024-08-13 03:45:19.568000',_binary '',77,31,0,'schedule',NULL,NULL),(76,'님이 새로운 그림일기를 작성하였습니다.','2024-08-13 17:43:21.489000',_binary '',4,8,58,'diary',NULL,NULL),(77,'님이 일정을 추가하였습니다.','2024-08-13 17:49:00.566000',_binary '',1,7,0,'schedule',NULL,NULL),(78,'님이 일정을 추가하였습니다.','2024-08-13 17:50:44.094000',_binary '',1,6,0,'schedule',NULL,NULL),(79,'님이 일정을 추가하였습니다.','2024-08-05 17:52:52.040000',_binary '',1,6,0,'schedule',NULL,NULL),(80,'님이 일정을 추가하였습니다.','2024-08-01 17:56:16.913000',_binary '',1,7,0,'schedule',NULL,NULL),(81,'님이 일정을 추가하였습니다.','2024-08-11 17:57:56.343000',_binary '',1,6,0,'schedule',NULL,NULL),(82,'님이 배경을 수정하였습니다.','2024-08-12 18:03:43.598000',_binary '',1,7,0,'home',NULL,NULL),(83,'님이 배경을 수정하였습니다.','2024-07-11 00:25:56.356000',_binary '',1,6,0,'home',NULL,NULL),(84,'님이 일정을 추가하였습니다.','2024-08-14 00:38:00.943000',_binary '\0',70,2,0,'schedule',NULL,NULL),(85,'님이 일정을 추가하였습니다.','2024-08-14 00:47:02.985000',_binary '',1,6,0,'schedule',NULL,NULL),(86,'님이 일정을 추가하였습니다.','2024-08-14 00:47:28.966000',_binary '',1,6,0,'schedule',NULL,NULL),(87,'님이 일정을 추가하였습니다.','2024-08-14 00:47:45.904000',_binary '',1,6,0,'schedule',NULL,NULL),(88,'님이 일정을 추가하였습니다.','2024-08-14 00:48:10.364000',_binary '',1,6,0,'schedule',NULL,NULL),(89,'님이 새로운 그림일기를 작성하였습니다.','2024-08-14 00:49:07.316000',_binary '',1,6,59,'diary',NULL,NULL),(90,'님이 배경을 수정하였습니다.','2024-08-14 01:00:25.757000',_binary '',1,6,0,'home',NULL,NULL),(91,'님이 배경을 수정하였습니다.','2024-08-14 01:00:43.369000',_binary '',1,6,0,'home',NULL,NULL),(92,'님이 일정을 추가하였습니다.','2024-08-14 01:01:12.080000',_binary '',1,6,0,'schedule',NULL,NULL),(93,'님이 일정을 추가하였습니다.','2024-08-14 01:02:34.583000',_binary '',1,6,0,'schedule',NULL,NULL),(94,'님이 일정을 추가하였습니다.','2024-08-14 01:04:05.908000',_binary '',1,6,0,'schedule',NULL,NULL),(95,'님이 일정을 추가하였습니다.','2024-08-14 01:07:20.669000',_binary '',1,6,0,'schedule',NULL,NULL),(96,'님이 일정을 추가하였습니다.','2024-08-14 01:18:23.493000',_binary '\0',70,2,0,'schedule',NULL,NULL),(97,'님이 일정을 추가하였습니다.','2024-08-14 01:25:54.671000',_binary '\0',70,2,0,'schedule',NULL,NULL),(98,'님이 새로운 그림일기를 작성하였습니다.','2024-08-14 01:49:26.835000',_binary '',4,8,62,'diary',NULL,NULL),(99,'님이 일정을 추가하였습니다.','2024-08-14 01:50:54.643000',_binary '',1,6,0,'schedule',NULL,NULL),(100,'님이 새로운 그림일기를 작성하였습니다.','2024-08-14 01:56:33.224000',_binary '',4,9,63,'diary',NULL,NULL),(101,'님이 일정을 추가하였습니다.','2024-08-14 03:05:42.081000',_binary '',1,6,0,'schedule',NULL,NULL),(102,'님이 일정을 추가하였습니다.','2024-08-14 03:12:50.924000',_binary '',4,8,0,'schedule',NULL,NULL),(103,'님이 일정을 추가하였습니다.','2024-08-14 03:15:54.250000',_binary '',1,6,0,'schedule',NULL,NULL),(104,'님이 새로운 그림일기를 작성하였습니다.','2024-08-14 03:18:59.810000',_binary '',4,8,67,'diary',NULL,NULL),(105,'님이 일정을 추가하였습니다.','2024-08-14 03:18:59.973000',_binary '',4,9,0,'schedule',NULL,NULL),(106,'님이 일정을 추가하였습니다.','2024-08-14 03:28:25.520000',_binary '',1,7,0,'schedule',NULL,NULL),(107,'님이 일정을 추가하였습니다.','2024-08-14 03:28:39.457000',_binary '',1,7,0,'schedule',NULL,NULL),(108,'님이 새로운 그림일기를 작성하였습니다.','2024-08-14 03:41:08.327000',_binary '',4,8,68,'diary',NULL,NULL),(109,'님이 배경을 수정하였습니다.','2024-08-14 03:49:22.084000',_binary '',4,8,0,'home',NULL,NULL),(110,'전화가 왔습니다.','2024-08-14 03:57:02.248000',_binary '',4,8,0,'call',NULL,NULL),(111,'전화가 왔습니다.','2024-08-14 03:57:40.325000',_binary '',4,8,0,'call',NULL,NULL),(112,'전화가 왔습니다.','2024-08-14 03:59:15.523000',_binary '',4,8,0,'call',NULL,NULL),(113,'님이 일정을 추가하였습니다.','2024-08-14 03:59:58.418000',_binary '',4,8,0,'schedule',NULL,NULL),(114,'님이 일정을 추가하였습니다.','2024-08-14 04:01:05.684000',_binary '',4,9,0,'schedule',NULL,NULL),(115,'님이 일정을 추가하였습니다.','2024-08-14 04:01:22.526000',_binary '',4,9,0,'schedule',NULL,NULL),(116,'님이 일정을 추가하였습니다.','2024-08-14 04:01:36.743000',_binary '',4,9,0,'schedule',NULL,NULL),(117,'전화가 왔습니다.','2024-08-14 04:03:36.080000',_binary '',4,8,0,'call',NULL,NULL),(118,'전화가 왔습니다.','2024-08-14 04:04:05.426000',_binary '',4,8,0,'call',NULL,NULL),(119,'님이 일정을 추가하였습니다.','2024-08-14 04:06:59.175000',_binary '',1,6,0,'schedule',NULL,NULL),(120,'님이 일정을 추가하였습니다.','2024-08-14 04:13:21.621000',_binary '',1,7,0,'schedule',NULL,NULL),(121,'님이 일정을 추가하였습니다.','2024-08-14 04:13:35.492000',_binary '',1,7,0,'schedule',NULL,NULL),(122,'전화가 왔습니다.','2024-08-14 04:16:40.973000',_binary '',4,8,0,'call',NULL,NULL),(123,'님이 일정을 추가하였습니다.','2024-08-14 04:23:44.830000',_binary '',1,7,0,'schedule',NULL,NULL),(124,'님이 배경을 수정하였습니다.','2024-08-14 04:28:34.835000',_binary '',1,7,0,'home',NULL,NULL),(125,'님이 일정을 추가하였습니다.','2024-08-14 04:33:34.290000',_binary '',4,9,0,'schedule',NULL,NULL),(126,'님이 일정을 추가하였습니다.','2024-08-14 04:34:32.675000',_binary '',1,7,0,'schedule',NULL,NULL),(127,'님이 일정을 추가하였습니다.','2024-08-14 04:35:01.108000',_binary '',1,7,0,'schedule',NULL,NULL),(128,'님이 일정을 추가하였습니다.','2024-08-14 04:36:18.268000',_binary '',1,7,0,'schedule',NULL,NULL),(129,'님이 일정을 추가하였습니다.','2024-08-14 04:38:00.088000',_binary '',1,7,0,'schedule',NULL,NULL),(130,'님이 배경을 수정하였습니다.','2024-08-14 04:39:09.813000',_binary '',4,9,0,'home',NULL,NULL),(131,'님이 배경을 수정하였습니다.','2024-08-14 04:39:43.949000',_binary '',1,7,0,'home',NULL,NULL),(132,'님이 배경을 수정하였습니다.','2024-08-14 04:40:01.721000',_binary '',4,9,0,'home',NULL,NULL),(133,'님이 배경을 수정하였습니다.','2024-08-14 04:40:10.737000',_binary '',1,7,0,'home',NULL,NULL),(134,'님이 배경을 수정하였습니다.','2024-08-14 04:40:20.654000',_binary '',1,7,0,'home',NULL,NULL),(135,'님이 배경을 수정하였습니다.','2024-08-14 04:46:39.478000',_binary '',4,9,0,'home',NULL,NULL),(136,'님이 배경을 수정하였습니다.','2024-08-14 04:47:10.981000',_binary '',4,9,0,'home',NULL,NULL),(137,'님이 배경을 수정하였습니다.','2024-08-14 05:02:46.837000',_binary '\0',77,30,0,'home',NULL,NULL),(138,'님이 배경을 수정하였습니다.','2024-08-14 05:02:56.436000',_binary '\0',77,30,0,'home',NULL,NULL),(139,'님이 배경을 수정하였습니다.','2024-08-14 05:03:07.492000',_binary '\0',77,30,0,'home',NULL,NULL),(140,'님이 배경을 수정하였습니다.','2024-08-14 05:03:43.874000',_binary '',1,6,0,'home',NULL,NULL),(141,'전화가 왔습니다.','2024-08-14 05:29:16.008000',_binary '\0',77,30,0,'call',NULL,NULL),(142,'님이 배경을 수정하였습니다.','2024-08-14 05:31:07.581000',_binary '',4,9,0,'home',NULL,NULL),(143,'님이 배경을 수정하였습니다.','2024-08-14 05:31:16.706000',_binary '',4,9,0,'home',NULL,NULL),(144,'전화가 왔습니다.','2024-08-14 05:31:43.707000',_binary '\0',77,30,0,'call',NULL,NULL),(145,'님이 새로운 그림일기를 작성하였습니다.','2024-08-14 05:57:08.276000',_binary '\0',77,30,69,'diary',NULL,NULL),(146,'님이 일정을 추가하였습니다.','2024-08-14 06:02:14.766000',_binary '',1,7,0,'schedule',NULL,NULL),(148,'님이 새로운 일정을 추가하였습니다.','2024-08-14 06:58:56.855000',_binary '',71,25,0,'schedule',NULL,NULL),(149,'전화가 왔습니다.','2024-08-14 07:03:46.981000',_binary '\0',71,24,0,'call',NULL,NULL),(150,'님이 새로운 일정을 추가하였습니다.','2024-08-14 07:56:41.373000',_binary '',83,43,0,'schedule',NULL,NULL),(151,'님이 새로운 일정을 추가하였습니다.','2024-08-14 08:09:12.922000',_binary '\0',70,2,0,'schedule',NULL,NULL),(152,'님이 새로운 일정을 추가하였습니다.','2024-08-14 08:13:40.109000',_binary '\0',4,8,0,'schedule',NULL,NULL),(153,'님이 배경을 수정하였습니다.','2024-08-14 08:16:03.529000',_binary '\0',4,8,0,'home',NULL,NULL),(154,'님이 배경을 수정하였습니다.','2024-08-14 08:16:11.707000',_binary '\0',4,8,0,'home',NULL,NULL),(155,'님이 배경을 수정하였습니다.','2024-08-14 08:16:16.051000',_binary '\0',4,8,0,'home',NULL,NULL),(156,'님이 새로운 그림일기를 작성하였습니다.','2024-08-15 05:47:46.439000',_binary '',1,6,70,'diary',NULL,NULL),(157,'님이 새로운 일정을 추가하였습니다.','2024-08-15 06:33:54.050000',_binary '',1,6,0,'schedule',NULL,NULL),(158,'님이 새로운 일정을 추가하였습니다.','2024-08-15 06:34:00.090000',_binary '',1,6,0,'schedule',NULL,NULL),(159,'님이 새로운 일정을 추가하였습니다.','2024-08-15 07:16:01.681000',_binary '',84,45,0,'schedule',NULL,NULL),(160,'님이 새로운 일정을 추가하였습니다.','2024-08-15 07:16:25.899000',_binary '',84,45,0,'schedule',NULL,NULL),(161,'님이 새로운 일정을 추가하였습니다.','2024-08-15 07:16:51.666000',_binary '',84,45,0,'schedule',NULL,NULL),(162,'님이 새로운 일정을 추가하였습니다.','2024-08-15 07:17:14.785000',_binary '',84,45,0,'schedule',NULL,NULL),(163,'님이 새로운 일정을 추가하였습니다.','2024-08-15 07:17:30.548000',_binary '',84,45,0,'schedule',NULL,NULL),(164,'님이 새로운 일정을 추가하였습니다.','2024-08-15 07:18:40.898000',_binary '',84,45,0,'schedule',NULL,NULL),(165,'님이 새로운 일정을 추가하였습니다.','2024-08-15 07:18:55.596000',_binary '',84,45,0,'schedule',NULL,NULL),(166,'님이 새로운 일정을 추가하였습니다.','2024-08-15 07:19:16.115000',_binary '',84,45,0,'schedule',NULL,NULL),(167,'님이 새로운 일정을 추가하였습니다.','2024-08-15 07:19:27.641000',_binary '',84,45,0,'schedule',NULL,NULL),(168,'님이 새로운 일정을 추가하였습니다.','2024-08-15 07:20:20.725000',_binary '',84,45,0,'schedule',NULL,NULL),(169,'님이 새로운 일정을 추가하였습니다.','2024-08-15 07:20:51.561000',_binary '',84,45,0,'schedule',NULL,NULL),(170,'님이 새로운 일정을 추가하였습니다.','2024-08-15 07:21:07.371000',_binary '',84,45,0,'schedule',NULL,NULL),(171,'님이 새로운 그림일기를 작성하였습니다.','2024-08-15 07:24:40.141000',_binary '',84,45,71,'diary',NULL,NULL),(172,'님이 새로운 그림일기를 작성하였습니다.','2024-08-15 07:26:09.466000',_binary '',84,45,72,'diary',NULL,NULL),(173,'님이 새로운 그림일기를 작성하였습니다.','2024-08-15 07:27:40.515000',_binary '',84,45,73,'diary',NULL,NULL),(174,'님이 새로운 일정을 추가하였습니다.','2024-08-15 07:29:15.423000',_binary '',84,45,0,'schedule',NULL,NULL),(175,'님이 새로운 일정을 추가하였습니다.','2024-08-15 07:29:35.690000',_binary '',84,45,0,'schedule',NULL,NULL),(176,'님이 새로운 그림일기를 작성하였습니다.','2024-08-15 07:31:01.151000',_binary '',84,45,74,'diary',NULL,NULL),(177,'님이 새로운 일정을 추가하였습니다.','2024-08-15 07:33:00.146000',_binary '',84,45,0,'schedule',NULL,NULL),(178,'님이 새로운 그림일기를 작성하였습니다.','2024-08-15 07:34:20.301000',_binary '',84,45,75,'diary',NULL,NULL),(179,'님이 배경을 수정하였습니다.','2024-08-15 07:35:05.988000',_binary '',84,45,0,'home',NULL,NULL),(180,'님이 배경을 수정하였습니다.','2024-08-15 07:35:15.362000',_binary '',84,45,0,'home',NULL,NULL),(181,'님이 새로운 그림일기를 작성하였습니다.','2024-08-15 07:39:26.722000',_binary '',84,45,76,'diary',NULL,NULL),(182,'님이 새로운 일정을 추가하였습니다.','2024-08-15 09:29:18.428000',_binary '',84,45,0,'schedule',NULL,NULL),(183,'님이 새로운 일정을 추가하였습니다.','2024-08-15 09:30:13.679000',_binary '',84,45,0,'schedule',NULL,NULL),(184,'님이 새로운 일정을 추가하였습니다.','2024-08-15 09:30:23.561000',_binary '',84,45,0,'schedule',NULL,NULL),(185,'님이 새로운 그림일기를 작성하였습니다.','2024-08-15 09:33:37.133000',_binary '',84,46,77,'diary',NULL,NULL),(186,'님이 새로운 그림일기를 작성하였습니다.','2024-08-15 14:55:18.422000',_binary '',85,47,78,'diary',NULL,NULL),(187,'님이 새로운 그림일기를 작성하였습니다.','2024-08-15 15:12:12.301000',_binary '',85,47,79,'diary',NULL,NULL),(188,'님이 새로운 일정을 추가하였습니다.','2024-08-15 16:42:13.322000',_binary '\0',85,47,0,'schedule',NULL,NULL);
/*!40000 ALTER TABLE `notifications` ENABLE KEYS */;
UNLOCK TABLES;
/*!40103 SET TIME_ZONE=@OLD_TIME_ZONE */;

/*!40101 SET SQL_MODE=@OLD_SQL_MODE */;
/*!40014 SET FOREIGN_KEY_CHECKS=@OLD_FOREIGN_KEY_CHECKS */;
/*!40014 SET UNIQUE_CHECKS=@OLD_UNIQUE_CHECKS */;
/*!40101 SET CHARACTER_SET_CLIENT=@OLD_CHARACTER_SET_CLIENT */;
/*!40101 SET CHARACTER_SET_RESULTS=@OLD_CHARACTER_SET_RESULTS */;
/*!40101 SET COLLATION_CONNECTION=@OLD_COLLATION_CONNECTION */;
/*!40111 SET SQL_NOTES=@OLD_SQL_NOTES */;

-- Dump completed on 2024-08-16  2:26:47
-- MySQL dump 10.13  Distrib 8.0.38, for Win64 (x86_64)
--
-- Host: i11b107.p.ssafy.io    Database: daylog
-- ------------------------------------------------------
-- Server version	9.0.1

/*!40101 SET @OLD_CHARACTER_SET_CLIENT=@@CHARACTER_SET_CLIENT */;
/*!40101 SET @OLD_CHARACTER_SET_RESULTS=@@CHARACTER_SET_RESULTS */;
/*!40101 SET @OLD_COLLATION_CONNECTION=@@COLLATION_CONNECTION */;
/*!50503 SET NAMES utf8 */;
/*!40103 SET @OLD_TIME_ZONE=@@TIME_ZONE */;
/*!40103 SET TIME_ZONE='+00:00' */;
/*!40014 SET @OLD_UNIQUE_CHECKS=@@UNIQUE_CHECKS, UNIQUE_CHECKS=0 */;
/*!40014 SET @OLD_FOREIGN_KEY_CHECKS=@@FOREIGN_KEY_CHECKS, FOREIGN_KEY_CHECKS=0 */;
/*!40101 SET @OLD_SQL_MODE=@@SQL_MODE, SQL_MODE='NO_AUTO_VALUE_ON_ZERO' */;
/*!40111 SET @OLD_SQL_NOTES=@@SQL_NOTES, SQL_NOTES=0 */;

--
-- Table structure for table `mediafiles`
--

DROP TABLE IF EXISTS `mediafiles`;
/*!40101 SET @saved_cs_client     = @@character_set_client */;
/*!50503 SET character_set_client = utf8mb4 */;
CREATE TABLE `mediafiles` (
  `id` bigint NOT NULL AUTO_INCREMENT,
  `date` varchar(255) NOT NULL,
  `file_path` varchar(255) NOT NULL,
  `couple_id` bigint DEFAULT NULL,
  PRIMARY KEY (`id`),
  KEY `FKm1b8y91hxxrn6qxru3a2uw8md` (`couple_id`),
  CONSTRAINT `FKm1b8y91hxxrn6qxru3a2uw8md` FOREIGN KEY (`couple_id`) REFERENCES `couples` (`id`)
) ENGINE=InnoDB AUTO_INCREMENT=64 DEFAULT CHARSET=utf8mb4 COLLATE=utf8mb4_0900_ai_ci;
/*!40101 SET character_set_client = @saved_cs_client */;

--
-- Dumping data for table `mediafiles`
--

LOCK TABLES `mediafiles` WRITE;
/*!40000 ALTER TABLE `mediafiles` DISABLE KEYS */;
INSERT INTO `mediafiles` VALUES (4,'2024-08-12','/mnt/mediafiles/4/2024-08-12/20240723_205919.jpg',4),(6,'2024-08-12','/mnt/mediafiles/37/2024-08-12/1000000035.jpg',37),(9,'2024-08-30','/mnt/mediafiles/4/2024-08-30/20240719_231121.jpg',4),(10,'2024-08-30','/mnt/mediafiles/4/2024-08-30/20240615_174257.mp4',4),(11,'2024-08-25','/mnt/mediafiles/4/2024-08-25/20240723_205919.jpg',4),(13,'2024-08-29','/mnt/mediafiles/4/2024-08-29/nrc-20240802_224803-stickered.jpg',4),(16,'2024-08-27','/mnt/mediafiles/4/2024-08-27/20240723_223555.jpg',4),(18,'2024-08-19','/mnt/mediafiles/4/2024-08-19/20240630_202122.mp4',4),(24,'2024-08-13','/mnt/mediafiles/37/2024-08-13/1000000035.jpg',37),(25,'2024-08-13','/mnt/mediafiles/37/2024-08-13/1000000034.jpg',37),(26,'2024-08-25','/mnt/mediafiles/4/2024-08-25/20240623_223711.jpg',4),(27,'2024-08-24','/mnt/mediafiles/4/2024-08-24/20240630_201746.mp4',4),(28,'2024-08-26','/mnt/mediafiles/4/2024-08-26/20240810_171807.mp4',4),(35,'2024-08-21','/mnt/mediafiles/1/2024-08-21/1000000035.jpg',1),(36,'2024-08-14','/mnt/mediafiles/70/2024-08-14/Wi-Fi_QR_code_Galaxy Note10+ 5G.png',70),(37,'2024-08-14','/mnt/mediafiles/70/2024-08-14/Wi-Fi_QR_code_Galaxy Note10+ 5G.png',70),(40,'2024-08-20','/mnt/mediafiles/4/2024-08-20/20240615_174236.jpg',4),(41,'2024-08-30','/mnt/mediafiles/1/2024-08-30/20240810_171807.mp4',1),(43,'2024-08-18','/mnt/mediafiles/84/2024-08-18/20240630_201746.mp4',84),(44,'2024-08-17','/mnt/mediafiles/84/2024-08-17/20240615_174257.mp4',84),(45,'2024-08-17','/mnt/mediafiles/84/2024-08-17/20240615_174241.jpg',84),(46,'2024-08-25','/mnt/mediafiles/84/2024-08-25/20240723_223555.jpg',84),(47,'2024-08-25','/mnt/mediafiles/84/2024-08-25/20240723_223409.jpg',84),(48,'2024-08-25','/mnt/mediafiles/84/2024-08-25/20240723_205919.jpg',84),(49,'2024-08-07','/mnt/mediafiles/84/2024-08-07/20240719_231121.jpg',84),(50,'2024-08-07','/mnt/mediafiles/84/2024-08-07/20240623_223711.jpg',84),(51,'2024-08-07','/mnt/mediafiles/84/2024-08-07/20240615_174236.jpg',84),(52,'2024-08-08','/mnt/mediafiles/84/2024-08-08/20240713_171025.jpg',84),(53,'2024-08-08','/mnt/mediafiles/84/2024-08-08/20240723_205919.jpg',84),(54,'2024-08-08','/mnt/mediafiles/84/2024-08-08/20240723_223555.jpg',84),(55,'2024-08-10','/mnt/mediafiles/84/2024-08-10/20240606_083721.jpg',84),(56,'2024-08-10','/mnt/mediafiles/84/2024-08-10/20240606_083711.jpg',84),(57,'2024-08-11','/mnt/mediafiles/84/2024-08-11/20240810_171807.mp4',84),(58,'2024-08-13','/mnt/mediafiles/84/2024-08-13/20240623_223711.jpg',84),(59,'2024-08-13','/mnt/mediafiles/84/2024-08-13/20240314_122357.jpg',84),(60,'2024-08-18','/mnt/mediafiles/84/2024-08-18/20240630_201741.jpg',84),(61,'2024-08-18','/mnt/mediafiles/84/2024-08-18/20240630_201712.jpg',84),(62,'2024-08-18','/mnt/mediafiles/84/2024-08-18/20240630_201436.jpg',84),(63,'2024-08-15','/mnt/mediafiles/85/2024-08-15/1000000033.png',85);
/*!40000 ALTER TABLE `mediafiles` ENABLE KEYS */;
UNLOCK TABLES;
/*!40103 SET TIME_ZONE=@OLD_TIME_ZONE */;

/*!40101 SET SQL_MODE=@OLD_SQL_MODE */;
/*!40014 SET FOREIGN_KEY_CHECKS=@OLD_FOREIGN_KEY_CHECKS */;
/*!40014 SET UNIQUE_CHECKS=@OLD_UNIQUE_CHECKS */;
/*!40101 SET CHARACTER_SET_CLIENT=@OLD_CHARACTER_SET_CLIENT */;
/*!40101 SET CHARACTER_SET_RESULTS=@OLD_CHARACTER_SET_RESULTS */;
/*!40101 SET COLLATION_CONNECTION=@OLD_COLLATION_CONNECTION */;
/*!40111 SET SQL_NOTES=@OLD_SQL_NOTES */;

-- Dump completed on 2024-08-16  2:26:49
-- MySQL dump 10.13  Distrib 8.0.38, for Win64 (x86_64)
--
-- Host: i11b107.p.ssafy.io    Database: daylog
-- ------------------------------------------------------
-- Server version	9.0.1

/*!40101 SET @OLD_CHARACTER_SET_CLIENT=@@CHARACTER_SET_CLIENT */;
/*!40101 SET @OLD_CHARACTER_SET_RESULTS=@@CHARACTER_SET_RESULTS */;
/*!40101 SET @OLD_COLLATION_CONNECTION=@@COLLATION_CONNECTION */;
/*!50503 SET NAMES utf8 */;
/*!40103 SET @OLD_TIME_ZONE=@@TIME_ZONE */;
/*!40103 SET TIME_ZONE='+00:00' */;
/*!40014 SET @OLD_UNIQUE_CHECKS=@@UNIQUE_CHECKS, UNIQUE_CHECKS=0 */;
/*!40014 SET @OLD_FOREIGN_KEY_CHECKS=@@FOREIGN_KEY_CHECKS, FOREIGN_KEY_CHECKS=0 */;
/*!40101 SET @OLD_SQL_MODE=@@SQL_MODE, SQL_MODE='NO_AUTO_VALUE_ON_ZERO' */;
/*!40111 SET @OLD_SQL_NOTES=@@SQL_NOTES, SQL_NOTES=0 */;

--
-- Table structure for table `diaries`
--

DROP TABLE IF EXISTS `diaries`;
/*!40101 SET @saved_cs_client     = @@character_set_client */;
/*!50503 SET character_set_client = utf8mb4 */;
CREATE TABLE `diaries` (
  `id` bigint NOT NULL AUTO_INCREMENT,
  `art_image_path` text NOT NULL,
  `content` text NOT NULL,
  `date` varchar(255) NOT NULL,
  `title` text NOT NULL,
  `couple_id` bigint DEFAULT NULL,
  `user_id` bigint DEFAULT NULL,
  PRIMARY KEY (`id`),
  KEY `FKn9f3ioi836k33i3y6vdccchjf` (`couple_id`),
  KEY `FKki7hoimuu910cy56y2695to5e` (`user_id`),
  CONSTRAINT `FKki7hoimuu910cy56y2695to5e` FOREIGN KEY (`user_id`) REFERENCES `users` (`id`),
  CONSTRAINT `FKn9f3ioi836k33i3y6vdccchjf` FOREIGN KEY (`couple_id`) REFERENCES `couples` (`id`)
) ENGINE=InnoDB AUTO_INCREMENT=80 DEFAULT CHARSET=utf8mb4 COLLATE=utf8mb4_0900_ai_ci;
/*!40101 SET character_set_client = @saved_cs_client */;

--
-- Dumping data for table `diaries`
--

LOCK TABLES `diaries` WRITE;
/*!40000 ALTER TABLE `diaries` DISABLE KEYS */;
INSERT INTO `diaries` VALUES (5,'/mnt/diaries/4/2024-08-07/img-kXUeszDoO7IYrSBiD3Giet1t.png','오늘은 카페에서 맛있는 아이스크림을 먹었다! 오랜만에 만나서 진대를 많이 했는데, 서로 더 가까워질 수 있어서 행복했다! ','2024-08-07','유명한 카페에 간 날',4,8),(6,'/mnt/diaries/4/2024-08-07/img-9s0tpDSZ3nWLfqp85rvvqoi3.png','여자친구와 장태산에 가서 등산을 하고 정상에서 사진을 찍었다. 그리고 같이 근처 펜션에 가서 하룻밤 묵고 캠핑을 즐겼다.','2024-08-07','장태산 캠핑',4,8),(9,'/mnt/diaries/4/2024-08-07/img-hNcRDiGAbf5bMCPJDiyNoVcg.png','여자친구랑 은행동 보드게임 카페에서 보드게임을 했다. 오늘은 내가 많이 이겨서 기분이 좋았다. 분해하는 여자친구도 귀여웠다.','2024-08-07','보드게임 데이트',4,8),(12,'/mnt/diaries/37/2024-08-08/img-chO3Dlt3ne69lYwFf4VtW8QG.png','망고빙수❄️','2024-08-08','오늘의 일기',37,14),(14,'/mnt/diaries/37/2024-08-08/img-toU3GlfbNh0E93IyvVmownFe.png','after exam date and watching movie','2024-08-08','test day',37,15),(15,'/mnt/diaries/42/2024-08-09/img-8BqXZ8fpfNj1XoXtVc7d5qL4.png','강아지','2024-08-09','안녕!',42,5),(23,'/mnt/diaries/4/2024-08-11/img-Fpt6Z34foGwlQvelQq5xEyBX.png','오늘은 여자친구와 집에서 같이 공부를 했다. 하기 싫은 공부도 같이 하니까 즐거웠다!','2024-08-11','스터디',4,9),(26,'/mnt/diaries/77/2024-08-06/img-SMhNsIEoTaiG5nR47iRHw26f.png','집에서 악어랑 놀았어','2024-08-06','고양이다묭',77,30),(29,'/mnt/diaries/70/2024-08-12/img-9HvHKn9Jn4icEFjvcx3NR5W3.png','park good','2024-08-12','jungsuk',70,20),(36,'/mnt/diaries/4/2024-08-12/img-8kJvUgPVT2BoKcK6jO0hFkaG.png','오늘은 둘이 같이 공원에서 산책했다. 여름이지만 바람이 선선하게 불어서 좋았다.','2024-08-12','공원 산책 데이트',4,9),(37,'/mnt/diaries/4/2024-08-12/img-AmoI8tNh0AupK2ifs3qjlkly.png','여자친구와 같이 배드민턴을 쳤다. 날씨가 좀 덥긴 했지만 체육관 안에 에어컨이 빵빵해서 시원하게 칠 수 있었다 너무 즐거웠다','2024-08-12','같이 배드민턴 친 날',4,9),(48,'/mnt/diaries/77/2024-08-09/img-5bsjK8ZuGRnonolJfRZuN5td.png','강아지랑 고양이랑 놀았어요','2024-08-09','강아지랑',77,30),(49,'/mnt/diaries/77/2024-08-10/img-5bsjK8ZuGRnonolJfRZuN5td.png','강아지랑 고양이랑 놀았어요','2024-08-10','강아지랑',77,30),(50,'/mnt/diaries/77/2024-08-10/img-5HUCFgoD8yx0CcJuKoNChlVv.png','강아지랑 고양이랑 놀았어요','2024-08-10','강아지랑',77,30),(51,'/mnt/diaries/79/2024-08-10/img-5HUCFgoD8yx0CcJuKoNChlVv.png','강아지랑 고양이랑 놀았어요','2024-08-10','강아지랑',79,33),(52,'/mnt/diaries/4/2024-08-12/img-cCsgkPD0nmkKl4Cl5FHOK2g1.png','시내에서 여자친구와 불고기를 먹었다. 맛집이라더니 엄청 맛있었다.','2024-08-12','고기고기',4,9),(53,'/mnt/diaries/1/2024-08-13/img-D56KDprN6RBHbEAOPIAGEVr0.png','i had very exciting game with my boy friend in my home','2024-08-13','play game',1,7),(54,'/mnt/diaries/1/2024-08-13/img-0BPHaMtLuGv9Q2bxS1LrqrBW.png','with my boyfriend','2024-08-13','play game',1,7),(55,'/mnt/diaries/1/2024-08-13/img-cuBxh2DbjjCG1iyDUsdEOhCB.png','hard working','2024-08-13','hard working',1,7),(56,'/mnt/diaries/1/2024-08-13/img-RyQNwdXJfGAwlRqsEnCObnZj.png','오늘은 여자친구와 여자친구의 친구들을 만났다. 조금 정신없긴 했지만 그래도 즐거웠다!','2024-08-13','친구들 만난 날',1,7),(57,'/mnt/diaries/1/2024-08-13/img-m1fkSl9Tvmc4ahCgl3zwSx49.png','test11','2024-08-13','test',1,6),(58,'/mnt/diaries/4/2024-08-14/img-K2oOBPzc2SqInNHP2ayFfEhq.png','여자친구와 휴가 동안 부산 해운대를 갔다. 바닷가를 보며 맛있는 회를 먹었다. 정말 즐거웠다.','2024-08-14','부산 여행',4,8),(59,'/mnt/diaries/1/2024-08-14/img-7AlH629BeEWU3olDa0lV70bZ.png','i\'m wating','2024-08-14','hi',1,6),(60,'/mnt/diaries/70/2024-08-14/img-xOeGAfhpsiEF1Yc6eg265FEo.png','오늘 지훈이랑 야구직관을 갔다 너무더웠지만 재밌었다','2024-08-14','야구',70,2),(61,'/mnt/diaries/70/2024-08-14/img-A0OQuwEsy5xT7FDG2ItGdo4Y.png','오늘 지훈이랑 야구직관을 갔다 너무더웠지만 재밌었다','2024-08-14','야구',70,2),(62,'/mnt/diaries/4/2024-08-14/img-2lAMoNCpdVbF9JUcxduTfHYM.png','여자친구와 축구 경기를 보러 갔다. 우리나라 대표팀이 이겨서 기분이 좋았다.','2024-08-14','축구 경기',4,8),(63,'/mnt/diaries/4/2024-08-14/img-v4QmikSsby6101QQKg70DBpU.png','지훈이랑 공원 데이트했는데 너무 재밌었다','2024-08-14','지훈이랑 공원 데이트',4,9),(64,'/mnt/diaries/70/2024-08-14/img-KTeCeEMKGoHXsnGHnR8KX8bl.png','맛있었잖아 너도지?','2024-08-14','오늘 찜닭 같이 먹었다',70,20),(65,'/mnt/diaries/70/2024-08-14/img-pdYhZBK53O44ncneuRat8krL.png','맛있었잖아 너도지? 찜닭인디','2024-08-14','오늘 찜닭 같이 먹었다',70,20),(66,'/mnt/diaries/70/2024-08-14/img-9y9KoJlPson60ICx6FJJ7pl6.png','경복궁','2024-08-14','하이',70,20),(68,'/mnt/diaries/4/2024-08-14/img-upMX6MSOBh6WR4zAQiU4xg7X.png','여자친구랑 같이 밴드 음악을 들었다.','2024-08-14','음악 감상',4,8),(69,'/mnt/diaries/77/2024-08-14/img-F0zecsM9EfdtDIa0mAcTPzXU.png','with my gf','2024-08-14','kiki',77,30),(70,'/mnt/diaries/1/2024-08-15/img-ppVhMHuMsnUkZaZNtWD6mKW2.png','지훈이랑 사슴공원에 놀러갔다','2024-08-15','사슴공원',1,6),(71,'/mnt/diaries/84/2024-08-17/img-PqkN49aO0wlE09k2uA7CUM3J.png','오늘은 성심당에 가서 맛있는 빵을 많이 먹었다. 역시 대전하면 성심당이다. 정말 맛있었고 즐거웠다.','2024-08-14','성심당 방문!',84,45),(72,'/mnt/diaries/84/2024-08-17/img-IBwrMO5ThvBkdUMrjPFInStV.png','저녁에 한밭수목원에서 산책을 했다. 주변 나무들과 조명들이 예뻤고 바람이 선선하게 불어서 더 좋았다.','2024-08-12','한밭수목원 데이트',84,45),(73,'/mnt/diaries/84/2024-08-18/img-owVRx8DSeZHTQ5gVv7AnZiEI.png','오늘은 여자친구와 보드게임 카페에 갔다. 내가 게임을 많이 이겨서 여자친구가 심술이 났는데, 너무 귀여웠다. 다음엔 좀 져줘야겠다 ㅎㅎ','2024-08-11','보드게임 한 날',84,45),(74,'/mnt/diaries/84/2024-08-10/img-pnK94xBGD5AGcyFKym29q0S1.png','오늘은 여자친구와 등산을 했다. 정상에서 사진도 찍고 산을 내려와서는 한식당을 가서 맛있게 비빔밥을 먹었다. 너무 즐거웠다!','2024-08-10','장태산 등산',84,45),(75,'/mnt/diaries/84/2024-08-11/img-jITC70ZKgRK2VaGdSyKLJ4yI.png','오늘은 카페에서 여자친구랑 같이 스터디를 했다. 함께 공부하니까 지루하지도 않고 재밌게 공부를 할 수 있었다.','2024-08-11','같이 스터디',84,45),(76,'/mnt/diaries/84/2024-08-13/img-xbExaMrKxCnssLMUz4YUh6hY.png','오늘은 여자친구와 축구 국가대표 경기를 직관했다. 일본과의 경기였는데, 치열한 경기 끝에 대한민국 대표팀이 승리를 거두었다. 정말 짜릿하고 즐거운 시간이었다!','2024-08-13','축구 경기 직관',84,45),(77,'/mnt/diaries/84/2024-08-15/img-IfDgm3rZbtElYwMqNkTvHdao.png','남자친구와 아쿠아리움에 데이트를 갔다. 엄청 큰 상어도 있었고 색깔이 화려한 열대어도 있었다. 남자친구와 데이트 너무 재미있었다!!','2024-08-15','아쿠아리움 데이트',84,46),(78,'/mnt/diaries/85/2024-08-15/img-Fkzggs7i0f5koOwkwuzjz5EE.png','오늘은 윈터와 한강데이트를 했다. 화창한 날씨에 피크닉을 하며 따스한 햇살을 즐기다가 석양이 질 때 , 사진을 찍고 집으로 돌아왔다. 정말 재밌었다','2024-08-15','한강데이트',85,47);
/*!40000 ALTER TABLE `diaries` ENABLE KEYS */;
UNLOCK TABLES;
/*!40103 SET TIME_ZONE=@OLD_TIME_ZONE */;

/*!40101 SET SQL_MODE=@OLD_SQL_MODE */;
/*!40014 SET FOREIGN_KEY_CHECKS=@OLD_FOREIGN_KEY_CHECKS */;
/*!40014 SET UNIQUE_CHECKS=@OLD_UNIQUE_CHECKS */;
/*!40101 SET CHARACTER_SET_CLIENT=@OLD_CHARACTER_SET_CLIENT */;
/*!40101 SET CHARACTER_SET_RESULTS=@OLD_CHARACTER_SET_RESULTS */;
/*!40101 SET COLLATION_CONNECTION=@OLD_COLLATION_CONNECTION */;
/*!40111 SET SQL_NOTES=@OLD_SQL_NOTES */;

-- Dump completed on 2024-08-16  2:26:50
-- MySQL dump 10.13  Distrib 8.0.38, for Win64 (x86_64)
--
-- Host: i11b107.p.ssafy.io    Database: daylog
-- ------------------------------------------------------
-- Server version	9.0.1

/*!40101 SET @OLD_CHARACTER_SET_CLIENT=@@CHARACTER_SET_CLIENT */;
/*!40101 SET @OLD_CHARACTER_SET_RESULTS=@@CHARACTER_SET_RESULTS */;
/*!40101 SET @OLD_COLLATION_CONNECTION=@@COLLATION_CONNECTION */;
/*!50503 SET NAMES utf8 */;
/*!40103 SET @OLD_TIME_ZONE=@@TIME_ZONE */;
/*!40103 SET TIME_ZONE='+00:00' */;
/*!40014 SET @OLD_UNIQUE_CHECKS=@@UNIQUE_CHECKS, UNIQUE_CHECKS=0 */;
/*!40014 SET @OLD_FOREIGN_KEY_CHECKS=@@FOREIGN_KEY_CHECKS, FOREIGN_KEY_CHECKS=0 */;
/*!40101 SET @OLD_SQL_MODE=@@SQL_MODE, SQL_MODE='NO_AUTO_VALUE_ON_ZERO' */;
/*!40111 SET @OLD_SQL_NOTES=@@SQL_NOTES, SQL_NOTES=0 */;

--
-- Table structure for table `clips`
--

DROP TABLE IF EXISTS `clips`;
/*!40101 SET @saved_cs_client     = @@character_set_client */;
/*!50503 SET character_set_client = utf8mb4 */;
CREATE TABLE `clips` (
  `id` bigint NOT NULL AUTO_INCREMENT,
  `clip_video_path` varchar(255) NOT NULL,
  `couple_id` bigint DEFAULT NULL,
  `date` varchar(255) NOT NULL,
  PRIMARY KEY (`id`),
  KEY `FKtpnkpaa1019f3fj60sscv4x61` (`couple_id`),
  CONSTRAINT `FKtpnkpaa1019f3fj60sscv4x61` FOREIGN KEY (`couple_id`) REFERENCES `couples` (`id`)
) ENGINE=InnoDB AUTO_INCREMENT=70 DEFAULT CHARSET=utf8mb4 COLLATE=utf8mb4_0900_ai_ci;
/*!40101 SET character_set_client = @saved_cs_client */;

--
-- Dumping data for table `clips`
--

LOCK TABLES `clips` WRITE;
/*!40000 ALTER TABLE `clips` DISABLE KEYS */;
INSERT INTO `clips` VALUES (46,'couple_1/240815/clip_1.mp4',1,'2024-08-15 05:55:15.222942'),(47,'couple_84/240815/clip_1.mp4',84,'2024-08-15 08:56:07.948315'),(48,'couple_84/240815/clip_5.mp4',84,'2024-08-15 09:12:02.443905'),(49,'couple_84/240811/clip_1.mp4',84,'2024-08-11 08:56:07.948315'),(50,'couple_84/240811/clip_5.mp4',84,'2024-08-11 08:56:07.948315'),(51,'couple_84/240810/clip_1.mp4',84,'2024-08-10 08:56:07.948315'),(52,'couple_84/240810/clip_5.mp4',84,'2024-08-10 08:56:07.948315'),(53,'couple_84/240808/clip_1.mp4',84,'2024-08-08 08:56:07.948315'),(54,'couple_84/240808/clip_5.mp4',84,'2024-08-08 08:56:07.948315'),(55,'couple_84/240807/clip_5.mp4',84,'2024-08-07 08:56:07.948315'),(56,'couple_84/240807/clip_1.mp4',84,'2024-08-07 08:56:07.948315'),(57,'couple_84/240805/clip_1.mp4',84,'2024-08-05 08:56:07.948315'),(58,'couple_84/240805/clip_2.mp4',84,'2024-08-05 08:56:07.948315'),(59,'couple_84/240805/clip_3.mp4',84,'2024-08-05 08:56:07.948315'),(60,'couple_84/240805/clip_5.mp4',84,'2024-08-05 08:56:07.948315'),(61,'couple_84/240812/clip_1.mp4',84,'2024-08-12 08:56:07.948315'),(62,'couple_84/240812/clip_2.mp4',84,'2024-08-12 08:56:07.948315'),(63,'couple_84/240812/clip_3.mp4',84,'2024-08-12 08:56:07.948315'),(64,'couple_84/240812/clip_5.mp4',84,'2024-08-12 08:56:07.948315'),(65,'couple_84/240813/clip_1.mp4',84,'2024-08-13 08:56:07.948315'),(66,'couple_84/240813/clip_2.mp4',84,'2024-08-13 08:56:07.948315'),(67,'couple_84/240813/clip_3.mp4',84,'2024-08-13 08:56:07.948315'),(68,'couple_84/240813/clip_5.mp4',84,'2024-08-13 08:56:07.948315'),(69,'clips/couple_85/240815/clip_1.mp4',85,'2024-08-15 14:48:23.257335');
/*!40000 ALTER TABLE `clips` ENABLE KEYS */;
UNLOCK TABLES;
/*!40103 SET TIME_ZONE=@OLD_TIME_ZONE */;

/*!40101 SET SQL_MODE=@OLD_SQL_MODE */;
/*!40014 SET FOREIGN_KEY_CHECKS=@OLD_FOREIGN_KEY_CHECKS */;
/*!40014 SET UNIQUE_CHECKS=@OLD_UNIQUE_CHECKS */;
/*!40101 SET CHARACTER_SET_CLIENT=@OLD_CHARACTER_SET_CLIENT */;
/*!40101 SET CHARACTER_SET_RESULTS=@OLD_CHARACTER_SET_RESULTS */;
/*!40101 SET COLLATION_CONNECTION=@OLD_COLLATION_CONNECTION */;
/*!40111 SET SQL_NOTES=@OLD_SQL_NOTES */;

-- Dump completed on 2024-08-16  2:26:49
-- MySQL dump 10.13  Distrib 8.0.38, for Win64 (x86_64)
--
-- Host: i11b107.p.ssafy.io    Database: daylog
-- ------------------------------------------------------
-- Server version	9.0.1

/*!40101 SET @OLD_CHARACTER_SET_CLIENT=@@CHARACTER_SET_CLIENT */;
/*!40101 SET @OLD_CHARACTER_SET_RESULTS=@@CHARACTER_SET_RESULTS */;
/*!40101 SET @OLD_COLLATION_CONNECTION=@@COLLATION_CONNECTION */;
/*!50503 SET NAMES utf8 */;
/*!40103 SET @OLD_TIME_ZONE=@@TIME_ZONE */;
/*!40103 SET TIME_ZONE='+00:00' */;
/*!40014 SET @OLD_UNIQUE_CHECKS=@@UNIQUE_CHECKS, UNIQUE_CHECKS=0 */;
/*!40014 SET @OLD_FOREIGN_KEY_CHECKS=@@FOREIGN_KEY_CHECKS, FOREIGN_KEY_CHECKS=0 */;
/*!40101 SET @OLD_SQL_MODE=@@SQL_MODE, SQL_MODE='NO_AUTO_VALUE_ON_ZERO' */;
/*!40111 SET @OLD_SQL_NOTES=@@SQL_NOTES, SQL_NOTES=0 */;

--
-- Table structure for table `bookmarks`
--

DROP TABLE IF EXISTS `bookmarks`;
/*!40101 SET @saved_cs_client     = @@character_set_client */;
/*!50503 SET character_set_client = utf8mb4 */;
CREATE TABLE `bookmarks` (
  `id` bigint NOT NULL,
  `clip_id` bigint DEFAULT NULL,
  `couple_id` bigint DEFAULT NULL,
  PRIMARY KEY (`id`),
  KEY `FKaawxe5vlm2m26b1nntb7c7k0c` (`clip_id`),
  KEY `FKc480q1hc8b55qfmdxmhebp0lg` (`couple_id`),
  CONSTRAINT `FKaawxe5vlm2m26b1nntb7c7k0c` FOREIGN KEY (`clip_id`) REFERENCES `clips` (`id`),
  CONSTRAINT `FKc480q1hc8b55qfmdxmhebp0lg` FOREIGN KEY (`couple_id`) REFERENCES `couples` (`id`)
) ENGINE=InnoDB DEFAULT CHARSET=utf8mb4 COLLATE=utf8mb4_0900_ai_ci;
/*!40101 SET character_set_client = @saved_cs_client */;

--
-- Dumping data for table `bookmarks`
--

LOCK TABLES `bookmarks` WRITE;
/*!40000 ALTER TABLE `bookmarks` DISABLE KEYS */;
/*!40000 ALTER TABLE `bookmarks` ENABLE KEYS */;
UNLOCK TABLES;
/*!40103 SET TIME_ZONE=@OLD_TIME_ZONE */;

/*!40101 SET SQL_MODE=@OLD_SQL_MODE */;
/*!40014 SET FOREIGN_KEY_CHECKS=@OLD_FOREIGN_KEY_CHECKS */;
/*!40014 SET UNIQUE_CHECKS=@OLD_UNIQUE_CHECKS */;
/*!40101 SET CHARACTER_SET_CLIENT=@OLD_CHARACTER_SET_CLIENT */;
/*!40101 SET CHARACTER_SET_RESULTS=@OLD_CHARACTER_SET_RESULTS */;
/*!40101 SET COLLATION_CONNECTION=@OLD_COLLATION_CONNECTION */;
/*!40111 SET SQL_NOTES=@OLD_SQL_NOTES */;

-- Dump completed on 2024-08-16  2:26:48
-- MySQL dump 10.13  Distrib 8.0.38, for Win64 (x86_64)
--
-- Host: i11b107.p.ssafy.io    Database: daylog
-- ------------------------------------------------------
-- Server version	9.0.1

/*!40101 SET @OLD_CHARACTER_SET_CLIENT=@@CHARACTER_SET_CLIENT */;
/*!40101 SET @OLD_CHARACTER_SET_RESULTS=@@CHARACTER_SET_RESULTS */;
/*!40101 SET @OLD_COLLATION_CONNECTION=@@COLLATION_CONNECTION */;
/*!50503 SET NAMES utf8 */;
/*!40103 SET @OLD_TIME_ZONE=@@TIME_ZONE */;
/*!40103 SET TIME_ZONE='+00:00' */;
/*!40014 SET @OLD_UNIQUE_CHECKS=@@UNIQUE_CHECKS, UNIQUE_CHECKS=0 */;
/*!40014 SET @OLD_FOREIGN_KEY_CHECKS=@@FOREIGN_KEY_CHECKS, FOREIGN_KEY_CHECKS=0 */;
/*!40101 SET @OLD_SQL_MODE=@@SQL_MODE, SQL_MODE='NO_AUTO_VALUE_ON_ZERO' */;
/*!40111 SET @OLD_SQL_NOTES=@@SQL_NOTES, SQL_NOTES=0 */;

--
-- Table structure for table `annoucements`
--

DROP TABLE IF EXISTS `annoucements`;
/*!40101 SET @saved_cs_client     = @@character_set_client */;
/*!50503 SET character_set_client = utf8mb4 */;
CREATE TABLE `annoucements` (
  `id` bigint NOT NULL AUTO_INCREMENT,
  `content` text NOT NULL,
  `created_at` date NOT NULL,
  `title` varchar(255) NOT NULL,
  `writer` varchar(10) NOT NULL,
  PRIMARY KEY (`id`)
) ENGINE=InnoDB AUTO_INCREMENT=12 DEFAULT CHARSET=utf8mb4 COLLATE=utf8mb4_0900_ai_ci;
/*!40101 SET character_set_client = @saved_cs_client */;

--
-- Dumping data for table `annoucements`
--

LOCK TABLES `annoucements` WRITE;
/*!40000 ALTER TABLE `annoucements` DISABLE KEYS */;
INSERT INTO `annoucements` VALUES (8,'우리의 첫 번째 기념일을 축하하기 위한 특별 이벤트가 시작되었습니다!','2024-08-10','새로운 이벤트 안내','관리자'),(9,'안정성을 개선하고 새로운 기능을 추가하기 위해 앱이 업데이트되었습니다. 이제 더욱 다양한 커플 활동을 기록할 수 있습니다.','2024-08-10','업데이트 공지','관리자'),(10,'일부 사용자가 겪었던 사진 업로드 문제를 해결했습니다. 이제 모든 추억을 안전하게 저장하세요.','2024-08-10','버그 수정 안내','관리자'),(11,'프로필 화면에서 커플 테마를 자유롭게 변경할 수 있는 기능이 추가되었습니다. 나만의 특별한 테마를 만들어보세요.','2024-08-10','프로필 커스터마이징','관리자');
/*!40000 ALTER TABLE `annoucements` ENABLE KEYS */;
UNLOCK TABLES;
/*!40103 SET TIME_ZONE=@OLD_TIME_ZONE */;

/*!40101 SET SQL_MODE=@OLD_SQL_MODE */;
/*!40014 SET FOREIGN_KEY_CHECKS=@OLD_FOREIGN_KEY_CHECKS */;
/*!40014 SET UNIQUE_CHECKS=@OLD_UNIQUE_CHECKS */;
/*!40101 SET CHARACTER_SET_CLIENT=@OLD_CHARACTER_SET_CLIENT */;
/*!40101 SET CHARACTER_SET_RESULTS=@OLD_CHARACTER_SET_RESULTS */;
/*!40101 SET COLLATION_CONNECTION=@OLD_COLLATION_CONNECTION */;
/*!40111 SET SQL_NOTES=@OLD_SQL_NOTES */;

-- Dump completed on 2024-08-16  2:26:50
